middle_code,middle_name,major_code,major_name,has_seoul,note
SV001,자동차부품 소매,G2,소매업,Y,
SV002,모터사이클·운동용품·자전거 소매,G2,소매업,Y,
SV003,종합 소매,G2,소매업,Y,
SV004,식료품 소매,G2,소매업,Y,
SV005,가전·정보통신장비 소매,G2,소매업,Y,
SV006,의류·신발·가방·섬유 소매,G2,소매업,Y,
SV007,철물·건설자재·생활용품 소매,G2,소매업,Y,
SV008,가구 소매,G2,소매업,Y,
SV009,문화·오락·여가용품 소매,G2,소매업,Y,
SV010,의약품·의료기기 소매,G2,소매업,Y,
SV011,화장품 소매,G2,소매업,Y,
SV012,안경·정밀기기 소매,G2,소매업,Y,
SV013,시계·귀금속 소매,G2,소매업,Y,
SV014,예술품·기념품 소매,G2,소매업,Y,
SV015,화초·식물 소매,G2,소매업,Y,
SV016,애완동물·관련용품 소매,G2,소매업,Y,
SV017,중고 상품 소매,G2,소매업,Y,
SV018,일반·생활 숙박,I1,숙박업,Y,
SV019,기타 숙박,I1,숙박업,Y,
SV020,한식 음식점,I2,음식점업,Y,
SV021,중식 음식점,I2,음식점업,Y,
SV022,일식 음식점,I2,음식점업,Y,
SV023,양식·외국식 음식점,I2,음식점업,Y,
SV024,간이 음식점,I2,음식점업,Y,
SV025,주점,I2,음식점업,Y,
SV026,카페·비알코올 음료점,I2,음식점업,Y,
SV027,부동산 관련 서비스,L1,부동산업,Y,
SV028,법무 서비스,M1,"전문, 과학 및 기술 서비스업",Y,
SV029,회계·세무 서비스,M1,"전문, 과학 및 기술 서비스업",Y,
SV030,수의업,M1,"전문, 과학 및 기술 서비스업",Y,
SV031,사진 촬영·처리,M1,"전문, 과학 및 기술 서비스업",Y,
SV032,건물 청소·방제,N1,"사업시설 관리, 사업 지원 및 임대 서비스업",Y,
SV033,여행 서비스,N1,"사업시설 관리, 사업 지원 및 임대 서비스업",Y,
SV034,개인·가정용품 대여,N1,"사업시설 관리, 사업 지원 및 임대 서비스업",Y,
SV035,학원·교육기관,P1,교육 서비스업,Y,
SV036,의원,Q1,보건의료업,Y,
SV037,독서실·유사 여가시설,R1,"예술, 스포츠 및 여가관련 서비스업",Y,
SV038,스포츠 서비스,R1,"예술, 스포츠 및 여가관련 서비스업",Y,
SV039,오락 서비스,R1,"예술, 스포츠 및 여가관련 서비스업",Y,
SV040,통신장비 수리,S2,수리 및 개인 서비스업,Y,
SV041,자동차 수리·세차,S2,수리 및 개인 서비스업,Y,
SV042,모터사이클 수리,S2,수리 및 개인 서비스업,Y,
SV043,가전제품 수리,S2,수리 및 개인 서비스업,Y,
SV044,이용·미용,S2,수리 및 개인 서비스업,Y,
SV045,세탁,S2,수리 및 개인 서비스업,Y,
SV046,구내식당 및 뷔페,I2,음식점업,N,서울시 Lifecycle 직접 대응 없음
SV047,회사 본부·경영 컨설팅 서비스,M1,"전문, 과학 및 기술 서비스업",N,서울시 Lifecycle 직접 대응 없음
SV048,인쇄 및 제품 제작,M1,"전문, 과학 및 기술 서비스업",N,서울시 Lifecycle 직접 대응 없음
SV049,운송장비 대여,N1,"사업시설 관리, 사업 지원 및 임대 서비스업",N,서울시 Lifecycle 직접 대응 없음
SV050,컴퓨터 및 주변기기 수리,S2,수리 및 개인 서비스업,N,서울시 Lifecycle 직접 대응 없음
SV051,욕탕·마사지·신체관리 서비스,S2,수리 및 개인 서비스업,N,서울시 Lifecycle 직접 대응 없음
