public_middle_code,public_small_code,industry_code,note
G202,,SV001,
G203,,SV002,
G213,G21304,SV002,운동용품
G213,G21305,SV002,자전거
G204,,SV003,
G205,,SV004,
G208,,SV005,
G209,,SV006,
G210,,SV007,
G212,,SV007,
G211,,SV008,
G213,G21301,SV009,서점
G213,G21302,SV009,문구·회화용품
G213,G21303,SV009,음반·비디오물
G213,G21306,SV009,장난감
G215,G21501,SV010,약국
G215,G21502,SV010,의료기기
G215,G21503,SV011,화장품
G216,,SV012,
G217,,SV013,
G218,,SV014,
G219,,SV015,
G220,,SV016,
G222,,SV017,
I101,,SV018,
I102,,SV019,
I201,,SV020,
I202,,SV021,
I203,,SV022,
I204,,SV023,
I205,,SV023,
I206,,SV023,
I210,,SV024,
I211,,SV025,
I212,,SV026,
L102,,SV027,
M103,,SV028,
M104,,SV029,
M111,,SV030,
M113,,SV031,
N102,,SV032,
N105,,SV033,
N110,,SV034,
P105,,SV035,
P106,,SV035,
Q102,,SV036,
R102,,SV037,
R103,,SV038,
R104,,SV039,
S202,,SV040,
S203,,SV041,
S204,,SV042,
S205,,SV043,
S207,,SV044,
S209,,SV045,
I207,,SV046,
M107,,SV047,
M114,,SV048,
N109,,SV049,
S201,,SV050,
S208,,SV051,
