seoul_code,seoul_name,middle_code,match_method,evidence_small,note
CS100001,한식음식점,SV020,팀확정,,
CS100002,중식음식점,SV021,팀확정,,
CS100003,일식음식점,SV022,팀확정,,
CS100004,양식음식점,SV023,팀확정,,
CS100005,제과점,SV024,팀확정,,
CS100006,패스트푸드점,SV024,팀확정,,
CS100007,치킨전문점,SV024,팀확정,,
CS100008,분식전문점,SV024,팀확정,,
CS100009,호프-간이주점,SV025,팀확정,,
CS100010,커피-음료,SV026,팀확정,,
CS200001,일반교습학원,SV035,팀확정,,
CS200002,외국어학원,SV035,팀확정,,
CS200003,예술학원,SV035,팀확정,,
CS200004,컴퓨터학원,SV035,팀확정,,
CS200005,스포츠 강습,SV035,팀확정,,
CS200006,일반의원,SV036,팀확정,,
CS200007,치과의원,SV036,팀확정,,
CS200008,한의원,SV036,팀확정,,
CS200009,동물병원,SV030,팀확정,,
CS200010,변호사사무소,SV028,팀확정,,
CS200011,변리사사무소,SV028,팀확정,,
CS200012,법무사사무소,SV028,팀확정,,
CS200013,기타법무서비스,SV028,팀확정,,
CS200014,회계사사무소,SV029,팀확정,,
CS200015,세무사사무소,SV029,팀확정,,
CS200016,당구장,SV038,팀확정,,
CS200017,골프연습장,SV038,팀확정,,
CS200018,볼링장,SV038,팀확정,,
CS200019,PC방,SV039,팀확정,,
CS200020,전자게임장,SV039,팀확정,,
CS200021,기타오락장,SV039,팀확정,,
CS200022,복권방,SV039,팀확정,,
CS200023,통신기기수리,SV040,팀확정,,
CS200024,스포츠클럽,SV038,팀확정,,
CS200025,자동차수리,SV041,팀확정,,
CS200026,자동차미용,SV041,팀확정,,
CS200027,모터사이클수리,SV042,팀확정,,
CS200028,미용실,SV044,팀확정,,
CS200029,네일숍,SV044,팀확정,,
CS200030,피부관리실,SV044,팀확정,,
CS200031,세탁소,SV045,팀확정,,
CS200032,가전제품수리,SV043,팀확정,,
CS200033,부동산중개업,SV027,팀확정,,
CS200034,여관,SV018,팀확정,,
CS200035,게스트하우스,SV018,팀확정,,
CS200036,고시원,SV019,팀확정,,
CS200037,노래방,SV039,팀확정,,
CS200038,독서실,SV037,팀확정,,
CS200039,DVD방,SV039,팀확정,,
CS200041,사진관,SV031,팀확정,,
CS200043,건축물청소,SV032,팀확정,,
CS200044,여행사,SV033,팀확정,,
CS200046,의류임대,SV034,팀확정,,
CS300001,슈퍼마켓,SV003,팀확정,,
CS300002,편의점,SV003,팀확정,,
CS300003,컴퓨터및주변장치판매,SV005,팀확정,,
CS300004,핸드폰,SV005,팀확정,,
CS300006,미곡판매,SV004,팀확정,,
CS300007,육류판매,SV004,팀확정,,
CS300008,수산물판매,SV004,팀확정,,
CS300009,청과상,SV004,팀확정,,
CS300010,반찬가게,SV004,팀확정,,
CS300011,일반의류,SV006,팀확정,,
CS300012,한복점,SV006,팀확정,,
CS300013,유아의류,SV006,팀확정,,
CS300014,신발,SV006,팀확정,,
CS300015,가방,SV006,팀확정,,
CS300016,안경,SV012,팀확정,,
CS300017,시계및귀금속,SV013,팀확정,,
CS300018,의약품,SV010,팀확정,,
CS300019,의료기기,SV010,팀확정,,
CS300020,서적,SV009,팀확정,,
CS300021,문구,SV009,팀확정,,
CS300022,화장품,SV011,팀확정,,
CS300024,운동/경기용품,SV002,팀확정,,
CS300025,자전거 및 기타운송장비,SV002,팀확정,,
CS300026,완구,SV009,팀확정,,
CS300027,섬유제품,SV006,팀확정,,
CS300028,화초,SV015,팀확정,,
CS300029,애완동물,SV016,팀확정,,
CS300030,중고가구,SV017,팀확정,,
CS300031,가구,SV008,팀확정,,
CS300032,가전제품,SV005,팀확정,,
CS300033,철물점,SV007,팀확정,,
CS300034,악기,SV007,팀확정,,
CS300035,인테리어,SV007,팀확정,,
CS300036,조명용품,SV007,팀확정,,
CS300038,자동차부품,SV001,팀확정,,
CS300039,모터사이클및부품,SV002,팀확정,,
CS300041,예술품,SV014,팀확정,,
