code,name,kind,restaurant_count,density
3001491,이태원 관광특구,관광특구,704,896.3606
3001492,명동 남대문 북창동 다동 무교동 관광특구,관광특구,1164,1482.0508
3001493,동대문패션타운 관광특구,관광특구,533,678.6367
3001494,종로·청계 관광특구,관광특구,568,723.2001
3001495,잠실 관광특구,관광특구,239,304.3043
3001496,강남 마이스 관광특구,관광특구,672,855.617
3110001,이북5도청사,골목상권,45,57.2958
3110002,독립문역 1번,골목상권,57,72.5747
3110003,세검정초등학교,골목상권,77,98.0394
3110004,대신고등학교,골목상권,159,202.4451
3110005,세검정,골목상권,40,50.9296
3110006,부암동주민센터,골목상권,47,59.8423
3110007,사직공원(한국사회과학도서관),골목상권,156,198.6254
3110008,배화여자대학교(박노수미술관),골목상권,378,481.2845
3110009,자하문터널,골목상권,64,81.4873
3110010,평창동서측,골목상권,52,66.2085
3110011,청운초등학교,골목상권,39,49.6563
3110012,성곡미술관,골목상권,660,840.3381
3110013,체부동홍종문가옥,골목상권,684,870.8958
3110014,경복고등학교,골목상권,78,99.3127
3110015,청와대사랑채,골목상권,325,413.8029
3110016,평창동동측,골목상권,26,33.1042
3110017,정독도서관,골목상권,209,266.1071
3110018,중앙고등학교,골목상권,171,217.724
3110019,창덕궁,골목상권,768,977.848
3110020,서울국제고등학교,골목상권,179,227.9099
3110021,성균관대학교,골목상권,575,732.1127
3110022,경신고등학교,골목상권,475,604.7888
3110023,서울대병원,골목상권,554,705.3747
3110024,혜화동주민센터,골목상권,467,594.6029
3110025,충신시장옆,골목상권,480,611.155
3110026,종로5가역 4번,골목상권,636,809.7804
3110027,혜화역 1번,골목상권,443,564.0451
3110028,이화달팽이길,골목상권,260,331.0423
3110029,동대문역 1번,골목상권,297,378.1521
3110030,동대문역 3번,골목상권,496,631.5268
3110031,창신역 1번,골목상권,81,103.1324
3110032,수족관거리,골목상권,582,741.0254
3110033,창신역 4번,골목상권,194,247.0085
3110034,창신1동주민센터,골목상권,530,674.817
3110035,동묘앞역 2번,골목상권,372,473.6451
3110036,동묘앞역 3번,골목상권,468,595.8761
3110037,신설동역 12번,골목상권,386,491.4705
3110038,경향신문사,골목상권,504,641.7127
3110039,회현역 1번,골목상권,602,766.4902
3110040,중구회현체육센터(정화예술대남산캠퍼스),골목상권,289,367.9662
3110041,남산케이블카,골목상권,222,282.6592
3110042,남산골공원옆,골목상권,137,174.4338
3110043,충무초등학교,골목상권,471,599.6958
3110044,관성묘,골목상권,425,541.1268
3110045,동대문역사문화공원역 5번,골목상권,445,566.5916
3110046,버티고개,골목상권,156,198.6254
3110047,다산성곽길,골목상권,313,398.524
3110048,장충동주민센터,골목상권,380,483.831
3110049,장충단 고개,골목상권,370,471.0986
3110050,약수역 7번,골목상권,283,360.3268
3110051,한양공고앞 교차로,골목상권,518,659.5381
3110052,장충초등학교,골목상권,333,423.9888
3110053,청구역 1번,골목상권,407,518.2085
3110054,청구역 3번,골목상권,343,436.7212
3110055,황학동벼룩시장,골목상권,544,692.6423
3110056,신당역 3번,골목상권,664,845.4311
3110057,황학코아루아파트,골목상권,694,883.6282
3110058,성심여자고등학교,골목상권,107,136.2366
3110059,새남터성지,골목상권,37,47.1099
3110060,효창공원앞역 6번,골목상권,317,403.6169
3110061,효창동주민센터,골목상권,150,190.9859
3110062,한강로동땡땡거리(은행나무길),골목상권,308,392.1578
3110063,효창공원앞역 5번,골목상권,384,488.924
3110064,효창공원앞역 2번,골목상권,309,393.431
3110065,남정초등학교,골목상권,376,478.7381
3110066,서울역 15번,골목상권,277,352.6874
3110067,배문고등학교,골목상권,328,417.6226
3110068,남영역 1번,골목상권,465,592.0564
3110069,숙대입구,골목상권,513,653.1719
3110070,용산세무서,골목상권,284,361.6
3110071,한강미주맨션아파트,골목상권,91,115.8648
3110072,열정도,골목상권,314,399.7972
3110073,삼각지역 3번,골목상권,517,658.2648
3110074,서울역 12번,골목상권,433,551.3127
3110075,숙대입구역 1번,골목상권,596,758.8508
3110076,삼각지역 14번,골목상권,355,452.0
3110077,삼광초등학교,골목상권,321,408.7099
3110078,이촌동점보아파트,골목상권,111,141.3296
3110079,후암동주민센터,골목상권,262,333.5888
3110080,해방촌예술마을,골목상권,265,337.4085
3110081,해방촌 남동측,골목상권,313,398.524
3110082,용산구청,골목상권,658,837.7916
3110083,서빙고역 1번,골목상권,23,29.2845
3110084,경리단길북측,골목상권,292,371.7859
3110085,경리단길남측,골목상권,446,567.8648
3110086,이태원역 북측,골목상권,787,1002.0395
3110087,이태원엔틱가구거리,골목상권,657,836.5184
3110088,오산고등학교,골목상권,128,162.9747
3110089,서빙고동주민센터,골목상권,48,61.1155
3110090,한국폴리텍대학서울정수캠퍼스,골목상권,151,192.2592
3110091,리움미술관,골목상권,464,590.7831
3110092,NH농협은행 보광동지점,골목상권,139,176.9803
3110093,우사단길,골목상권,438,557.6789
3110094,오산중학교,골목상권,110,140.0563
3110095,한강진역 3번,골목상권,294,374.3324
3110096,한남힐사이드아파트,골목상권,45,57.2958
3110097,한남초등학교,골목상권,277,352.6874
3110098,서울독일학교,골목상권,189,240.6423
3110099,유엔빌리지길,골목상권,145,184.6197
3110100,옥수동우편취급국,골목상권,58,73.8479
3110101,옥정중학교,골목상권,139,176.9803
3110102,옥수역 6번,골목상권,155,197.3521
3110103,옥수터널,골목상권,216,275.0197
3110104,신금호역 4번,골목상권,288,366.693
3110105,금동어린이공원,골목상권,297,378.1521
3110106,금북초등학교,골목상권,138,175.7071
3110107,금호사거리,골목상권,247,314.4902
3110108,성동구립금호도서관,골목상권,171,217.724
3110109,금호삼성래미안아파트,골목상권,221,281.3859
3110110,상왕십리역 6번,골목상권,375,477.4648
3110111,대현산장미원,골목상권,84,106.9521
3110112,행당역 2번,골목상권,433,551.3127
3110113,응봉산,골목상권,38,48.3831
3110114,왕십리파출소,골목상권,339,431.6282
3110115,상왕십리역 3번,골목상권,500,636.6198
3110116,청계천박물관,골목상권,154,196.0789
3110117,성동구보건소,골목상권,368,468.5522
3110118,왕십리역 9번,골목상권,528,672.2705
3110119,마장지하차도,골목상권,294,374.3324
3110120,서울숲카페거리,골목상권,394,501.6564
3110121,한양대역 4번,골목상권,335,426.5352
3110122,마장역 2번,골목상권,113,143.8761
3110123,마장역 3번,골목상권,93,118.4113
3110124,뚝섬역교차로,골목상권,519,660.8113
3110125,사근동살곶이상점가,골목상권,116,147.6958
3110126,서울숲역 1번,골목상권,723,920.5522
3110127,성수1가1동주민센터,골목상권,444,565.3184
3110128,성원중학교,골목상권,339,431.6282
3110129,성원어린이공원,골목상권,395,502.9296
3110130,답십리역 6번,골목상권,278,353.9606
3110131,성수동카페거리,골목상권,719,915.4592
3110132,성수2가3동주민센터,골목상권,344,437.9944
3110133,서울교통공사,골목상권,249,317.0366
3110134,성수119안전센터,골목상권,348,443.0874
3110135,성동세무서,골목상권,160,203.7183
3110136,경수초등학교,골목상권,472,600.9691
3110137,성수초등학교,골목상권,336,427.8085
3110138,송정체육공원,골목상권,327,416.3493
3110139,자양4동주민센터,골목상권,294,374.3324
3110140,건대입구역 6번,골목상권,731,930.7381
3110141,건대입구역 1번,골목상권,961,1223.5832
3110142,화양사거리,골목상권,825,1050.4226
3110143,뚝섬유원지역 1번,골목상권,238,303.031
3110144,어린이대공원역 4번,골목상권,766,975.3015
3110145,장안초등학교,골목상권,475,604.7888
3110146,신자초등학교,골목상권,190,241.9155
3110147,능동우편취급국,골목상권,388,494.0169
3110148,어린이대공원역 3번,골목상권,387,492.7437
3110149,세종대학교,골목상권,290,369.2395
3110150,중곡1동 마을마당,골목상권,378,481.2845
3110151,자양한강도서관,골목상권,300,381.9719
3110152,중곡어린이공원,골목상권,310,394.7043
3110153,중곡1동주민센터,골목상권,588,748.6649
3110154,광진정말공원,골목상권,404,514.3888
3110155,광진구청,골목상권,326,415.0761
3110156,군자역 5번,골목상권,387,492.7437
3110157,자양동우체국,골목상권,263,334.862
3110158,중곡3동주민센터,골목상권,283,360.3268
3110159,구의역 4번,골목상권,488,621.3409
3110160,광진경찰서,골목상권,195,248.2817
3110161,중곡역 3번,골목상권,309,393.431
3110162,군자역 4번,골목상권,506,644.2592
3110163,성자초등학교,골목상권,231,294.1183
3110164,아차산역 5번,골목상권,249,317.0366
3110165,국립정신건강센터,골목상권,352,448.1803
3110166,구의1동주민센터,골목상권,504,641.7127
3110167,용마초등학교,골목상권,354,450.7268
3110168,대원고등학교,골목상권,214,272.4733
3110169,성동초등학교,골목상권,165,210.0845
3110170,동대부여고,골목상권,496,631.5268
3110171,중곡4동주민센터,골목상권,231,294.1183
3110172,광진초등학교,골목상권,232,295.3916
3110173,구남초등학교,골목상권,349,444.3606
3110174,아차산역 1번,골목상권,421,536.0338
3110175,푸른동산공원,골목상권,352,448.1803
3110176,해오름공원,골목상권,234,297.9381
3110177,동의초등학교,골목상권,238,303.031
3110178,장로회신학대학교,골목상권,143,182.0733
3110179,광나루역 1번,골목상권,153,194.8057
3110180,광진정보도서관,골목상권,101,128.5972
3110181,신설동역 9번,골목상권,280,356.5071
3110182,용두희망어린이공원,골목상권,294,374.3324
3110183,한국의류시험연구원,골목상권,341,434.1747
3110184,용두사거리,골목상권,332,422.7155
3110185,용두초등학교,골목상권,364,463.4592
3110186,종암초등학교,골목상권,350,445.6338
3110187,제기동역 6번,골목상권,252,320.8564
3110188,용두동신동아아파트,골목상권,136,173.1606
3110189,제기동역 1번,골목상권,236,300.4845
3110190,고대앞사거리,골목상권,494,628.9803
3110191,고려대역 6번,골목상권,239,304.3043
3110192,동의보감타워,골목상권,355,452.0
3110193,고려대역 4번,골목상권,186,236.8226
3110194,홍파초등학교,골목상권,323,411.2564
3110195,동대문구청,골목상권,351,446.9071
3110196,홍릉근린공원,골목상권,155,197.3521
3110197,세종대왕기념관교차로,골목상권,104,132.4169
3110198,동대문중앙새마을금고본점,골목상권,543,691.3691
3110199,홍릉시장,골목상권,382,486.3775
3110200,동대문경찰서,골목상권,333,423.9888
3110201,전농119안전센터,골목상권,264,336.1352
3110202,전농1동주민센터(전농시장),골목상권,309,393.431
3110203,떡전교사거리,골목상권,324,412.5296
3110204,간데메공원,골목상권,193,245.7352
3110205,경희대삼거리,골목상권,537,683.7296
3110206,텃골근린공원,골목상권,220,280.1127
3110207,시립대앞사거리,골목상권,280,356.5071
3110208,시조사삼거리,골목상권,584,743.5719
3110209,답십리 장령당공원,골목상권,177,225.3634
3110210,서울시립대,골목상권,270,343.7747
3110211,전곡마을마당공원,골목상권,259,329.769
3110212,답십리초등학교,골목상권,274,348.8676
3110213,청량초등학교,골목상권,634,807.2339
3110214,경희대후문,골목상권,251,319.5831
3110215,회기역 1번,골목상권,468,595.8761
3110216,전농중학교,골목상권,203,258.4676
3110217,자동차부품상가,골목상권,287,365.4197
3110218,답십리사거리,골목상권,233,296.6648
3110219,삼육보건대학교,골목상권,246,313.2169
3110220,외대앞역 1번,골목상권,325,413.8029
3110221,의릉,골목상권,138,175.7071
3110222,회기역 2번,골목상권,303,385.7916
3110223,군자초등학교,골목상권,399,508.0226
3110224,외대앞역 2번,골목상권,317,403.6169
3110225,촬영소사거리,골목상권,279,355.2338
3110226,장안1동주민센터,골목상권,491,625.1606
3110227,답십리공원,골목상권,279,355.2338
3110228,장안근린공원,골목상권,351,446.9071
3110229,장평중학교,골목상권,343,436.7212
3110230,장안현대홈타운1차아파트,골목상권,464,590.7831
3110231,장안교,골목상권,161,204.9916
3110232,동대부고,골목상권,264,336.1352
3110233,중랑역 1번,골목상권,327,416.3493
3110234,중랑역 4번,골목상권,362,460.9127
3110235,세화어린이공원,골목상권,243,309.3972
3110236,신묵초등학교,골목상권,271,345.0479
3110237,메가박스 상봉,골목상권,393,500.3831
3110238,배꽃어린이공원,골목상권,281,357.7803
3110239,중랑역 2번,골목상권,403,513.1155
3110240,태릉시장 특화거리,골목상권,311,395.9775
3110241,먹골역 5번,골목상권,316,402.3437
3110242,면목5동주민센터,골목상권,175,222.8169
3110243,중랑노인종합복지관,골목상권,327,416.3493
3110244,중화역 4번,골목상권,329,418.8958
3110245,KB국민은행 중화동지점,골목상권,374,476.1916
3110246,월드순복음교회,골목상권,461,586.9634
3110247,먹골역 1번,골목상권,310,394.7043
3110248,먹골파출소,골목상권,327,416.3493
3110249,중화역 1번,골목상권,292,371.7859
3110250,화랑대역 7번,골목상권,287,365.4197
3110251,장안중학교,골목상권,291,370.5127
3110252,장안제일시장,골목상권,200,254.6479
3110253,중곡초등학교,골목상권,217,276.293
3110254,오거리공원,골목상권,212,269.9268
3110255,상봉역 4번,골목상권,369,469.8254
3110256,면목2동체육관,골목상권,324,412.5296
3110257,상봉역 7번,골목상권,353,449.4536
3110258,면동초등학교,골목상권,396,504.2029
3110259,사가정역 1번,골목상권,527,670.9972
3110260,면목역 3번,골목상권,353,449.4536
3110261,사가정역 4번,골목상권,442,562.7719
3110262,상봉역 3번,골목상권,490,623.8874
3110263,면목역 1번,골목상권,555,706.6479
3110264,면목역 2번,골목상권,438,557.6789
3110265,망우역 1번,골목상권,395,502.9296
3110266,면목동우체국,골목상권,446,567.8648
3110267,망우역 2번,골목상권,200,254.6479
3110268,망우3동주민센터,골목상권,348,443.0874
3110269,용마문화복지센터,골목상권,301,383.2451
3110270,혜원여고,골목상권,269,342.5014
3110271,신내역 1번,골목상권,32,40.7437
3110272,신내1동주민센터,골목상권,235,299.2113
3110273,장스여성병원,골목상권,423,538.5803
3110274,서일대학교,골목상권,173,220.2704
3110275,하나은행 망우동지점,골목상권,450,572.9578
3110276,신내IC북측,골목상권,32,40.7437
3110277,러스크서울병원,골목상권,326,415.0761
3110278,망우본동주민센터,골목상권,209,266.1071
3110279,신내역 2번,골목상권,12,15.2789
3110280,북정마을,골목상권,36,45.8366
3110281,길상사,골목상권,30,38.1972
3110282,국민대학교앞,골목상권,65,82.7606
3110283,성북초등학교앞,골목상권,106,134.9634
3110284,정릉북한산국립공원입구,골목상권,35,44.5634
3110285,홍대부중,골목상권,83,105.6789
3110286,한성대입구역 5번,골목상권,295,375.6057
3110287,정릉3동주민센터,골목상권,162,206.2648
3110288,동구여중,골목상권,314,399.7972
3110289,북한산보국문역 2번,골목상권,237,301.7578
3110290,북한산보국문역 1번,골목상권,139,176.9803
3110291,한성대입구역 3번,골목상권,268,341.2282
3110292,정릉역 2번,골목상권,164,208.8113
3110293,삼선중학교,골목상권,410,522.0282
3110294,서경대학교,골목상권,230,292.8451
3110295,정릉우체국,골목상권,244,310.6704
3110296,성신여대입구역 4번,골목상권,735,935.8311
3110297,경동고등학교,골목상권,639,813.6001
3110298,솔숲어린이공원,골목상권,178,226.6366
3110299,정릉역 1번,골목상권,204,259.7409
3110300,삼선동주민센터,골목상권,762,970.2085
3110301,성신여대입구역 7번,골목상권,459,584.417
3110302,보문역 8번,골목상권,197,250.8282
3110303,성신여대입구역 1번,골목상권,566,720.6536
3110304,보문역 4번,골목상권,376,478.7381
3110305,보문역 5번,골목상권,214,272.4733
3110306,미아초등학교,골목상권,145,184.6197
3110307,길음역 7번,골목상권,207,263.5606
3110308,길음역 8번,골목상권,235,299.2113
3110309,대광초등학교,골목상권,269,342.5014
3110310,길음역 10번,골목상권,257,327.2226
3110311,종암아이파크2차후문,골목상권,81,103.1324
3110312,안암역 2번,골목상권,344,437.9944
3110313,안암역 3번,골목상권,422,537.3071
3110314,종암경찰서,골목상권,245,311.9437
3110315,종암아이파크2차,골목상권,215,273.7465
3110316,숭곡초등학교,골목상권,357,454.5465
3110317,종암중학교,골목상권,102,129.8704
3110318,KT월곡지사,골목상권,324,412.5296
3110319,종암동주민센터,골목상권,258,328.4958
3110320,KB국민은행 종암동지점,골목상권,175,222.8169
3110321,동덕여대,골목상권,311,395.9775
3110322,장위1동주민센터,골목상권,83,105.6789
3110323,상월곡역 1번,골목상권,215,273.7465
3110324,월곡역 4번,골목상권,162,206.2648
3110325,장곡초등학교,골목상권,226,287.7521
3110326,장위동성당,골목상권,158,201.1718
3110327,상월곡역 2번,골목상권,102,129.8704
3110328,상월곡역 3번,골목상권,73,92.9465
3110329,우리은행체육관,골목상권,129,164.2479
3110330,돌곶이역 1번,골목상권,228,290.2986
3110331,돌곶이역 8번,골목상권,264,336.1352
3110332,돌곶이역 3번,골목상권,283,360.3268
3110333,돌곶이역 5번,골목상권,304,387.0648
3110334,석관중앙교회,골목상권,272,346.3212
3110335,석계역 7번,골목상권,363,462.186
3110336,석관고등학교,골목상권,249,317.0366
3110337,아카데미하우스,골목상권,105,133.6902
3110338,인수초등학교,골목상권,77,98.0394
3110339,국립4.19민주묘지,골목상권,228,290.2986
3110340,인수중학교,골목상권,121,154.062
3110341,북한산우이역 2번,골목상권,75,95.493
3110342,국립재활원,골목상권,131,166.7944
3110343,무너미어린이공원,골목상권,209,266.1071
3110344,화계중학교,골목상권,96,122.231
3110345,솔밭공원역 2번,골목상권,95,120.9578
3110346,4.19민주묘지역 2번,골목상권,223,283.9324
3110347,구세군강북종합사회복지관,골목상권,75,95.493
3110348,강북문화예술회관,골목상권,167,212.631
3110349,화계역 2번,골목상권,182,231.7296
3110350,가오리역 2번,골목상권,176,224.0902
3110351,수유북부시장옆,골목상권,191,243.1888
3110352,수유1동주민센터,골목상권,142,180.8
3110353,수유동우체국,골목상권,251,319.5831
3110354,삼각산119안전센터,골목상권,228,290.2986
3110355,삼양사거리역 2번,골목상권,291,370.5127
3110356,덕수교,골목상권,193,245.7352
3110357,가오리역 1번,골목상권,297,378.1521
3110358,인수동 우편취급국,골목상권,379,482.5578
3110359,수유시장옆,골목상권,622,791.955
3110360,수유초등학교,골목상권,454,578.0508
3110361,삼양사거리역 1번,골목상권,305,388.3381
3110362,우이천 계성교,골목상권,233,296.6648
3110363,송천동주민센터,골목상권,261,332.3155
3110364,미아역 8번,골목상권,429,546.2198
3110365,미아역 5번,골목상권,391,497.8367
3110366,광산사거리,골목상권,603,767.7634
3110367,강북구청,골목상권,971,1236.3156
3110368,송천초등학교,골목상권,209,266.1071
3110369,성신여대운정그린캠퍼스,골목상권,490,623.8874
3110370,도봉세무서,골목상권,265,337.4085
3110371,삼양입구사거리,골목상권,384,488.924
3110372,강북중학교,골목상권,564,718.1071
3110373,수유역 2번,골목상권,727,925.6451
3110374,송중초등학교,골목상권,209,266.1071
3110375,서울북부고용노동지청,골목상권,148,188.4395
3110376,수송초등학교,골목상권,484,616.2479
3110377,미아사거리역 3번,골목상권,526,669.724
3110378,송중동주민센터,골목상권,456,580.5972
3110379,KTNG 북부지사,골목상권,185,235.5493
3110380,강북문화정보도서관,골목상권,69,87.8535
3110381,번동주공2단지,골목상권,88,112.0451
3110382,솔밭공원역 1번,골목상권,117,148.969
3110383,덕성여대시반거리,골목상권,200,254.6479
3110384,문이교,골목상권,87,110.7718
3110385,효문고등학교,골목상권,55,70.0282
3110386,연산군묘,골목상권,54,68.7549
3110387,쌍문초등학교,골목상권,70,89.1268
3110388,도봉우체국,골목상권,321,408.7099
3110389,한일병원,골목상권,430,547.493
3110390,방학초등학교,골목상권,235,299.2113
3110391,샘말어린이공원,골목상권,95,120.9578
3110392,발바닥공원,골목상권,182,231.7296
3110393,국민은행방학지점,골목상권,277,352.6874
3110394,방학중학교,골목상권,267,339.955
3110395,신한은행 방학동지점,골목상권,390,496.5634
3110396,쌍문역1번(쌍리단길),골목상권,397,505.4761
3110397,도봉산입구,골목상권,42,53.4761
3110398,쌍문2동우체국,골목상권,264,336.1352
3110399,창2동주민센터,골목상권,219,278.8395
3110400,도봉구보건소,골목상권,333,423.9888
3110401,도봉구민회관,골목상권,276,351.4141
3110402,도봉구 정병원,골목상권,383,487.6507
3110403,방학1동주민센터,골목상권,413,525.8479
3110404,신창초등학교,골목상권,202,257.1944
3110405,방학역 1번,골목상권,384,488.924
3110406,도봉산역 1번,골목상권,99,126.0507
3110407,도봉역 2번,골목상권,130,165.5211
3110408,가인초등학교,골목상권,258,328.4958
3110409,창동역 2번,골목상권,281,357.7803
3110410,방학역 2번,골목상권,417,530.9409
3110411,도봉역 3번,골목상권,181,230.4564
3110412,창동중학교,골목상권,30,38.1972
3110413,누원고등학교,골목상권,165,210.0845
3110414,장석교회,골목상권,58,73.8479
3110415,수락산역 4번,골목상권,265,337.4085
3110416,노원초등학교,골목상권,238,303.031
3110417,월계역 3번,골목상권,76,96.7662
3110418,광운대학교 남단,골목상권,118,150.2423
3110419,수락산디자인거리,골목상권,298,379.4254
3110420,광운대역 1번,골목상권,169,215.1775
3110421,석계역 1번,골목상권,301,383.2451
3110422,노원역 9번,골목상권,584,743.5719
3110423,석계역 2번,골목상권,251,319.5831
3110424,상계초등학교,골목상권,687,874.7156
3110425,계상초등학교,골목상권,497,632.8001
3110426,상계2동주민센터,골목상권,553,704.1015
3110427,노원 을지대학교병원,골목상권,137,174.4338
3110428,상계5동주민센터,골목상권,332,422.7155
3110429,공릉동 국수거리,골목상권,422,537.3071
3110430,중계초등학교,골목상권,404,514.3888
3110431,상계역,골목상권,477,607.3353
3110432,대진고등학교,골목상권,166,211.3578
3110433,공릉역 2번,골목상권,700,891.2677
3110434,태릉입구역 4번,골목상권,529,673.5437
3110435,서울과학기술대,골목상권,310,394.7043
3110436,상계제일중학교,골목상권,353,449.4536
3110437,당고개역 2번,골목상권,160,203.7183
3110438,경춘선숲길 우측,골목상권,525,668.4508
3110439,당고개역 5번,골목상권,149,189.7127
3110440,상계3동4동주민센터,골목상권,102,129.8704
3110441,영신여고,골목상권,162,206.2648
3110442,화랑대철도공원,골목상권,53,67.4817
3110443,수색역 1번,골목상권,80,101.8592
3110444,수색성당,골목상권,125,159.1549
3110445,덕산중학교,골목상권,147,187.1662
3110446,내를건너서숲으로도서관,골목상권,52,66.2085
3110447,구산초등학교,골목상권,109,138.7831
3110448,상신초등학교입구,골목상권,104,132.4169
3110449,증산역 3번,골목상권,168,213.9042
3110450,시립서북병원,골목상권,210,267.3803
3110451,증산역 4번,골목상권,336,427.8085
3110452,새절역 3번,골목상권,332,422.7155
3110453,신사1동주민센터,골목상권,312,397.2507
3110454,선정중학교,골목상권,286,364.1465
3110455,역촌노인복지관,골목상권,298,379.4254
3110456,구산보건지소,골목상권,252,320.8564
3110457,예일여고,골목상권,293,373.0592
3110458,선일여고,골목상권,378,481.2845
3110459,응암역 2번,골목상권,340,432.9014
3110460,구산역 4번,골목상권,354,450.7268
3110461,새절역 2번,골목상권,494,628.9803
3110462,갈현건영아파트,골목상권,143,182.0733
3110463,응암3동주민센터,골목상권,483,614.9747
3110464,연신내역 5번,골목상권,705,897.6339
3110465,연신내역 7번,골목상권,689,877.262
3110466,구산역 2번,골목상권,394,501.6564
3110467,은평요양병원,골목상권,216,275.0197
3110468,응암역 3번,골목상권,442,562.7719
3110469,응암정보도서관,골목상권,421,536.0338
3110470,신진과학기술고등학교,골목상권,437,556.4057
3110471,응암동우체국,골목상권,454,578.0508
3110472,연신내역 4번,골목상권,646,822.5127
3110473,구산역 1번,골목상권,318,404.8902
3110474,세명컴퓨터고등학교,골목상권,128,162.9747
3110475,백련산해모로아파트,골목상권,331,421.4423
3110476,역촌역 2번,골목상권,342,435.4479
3110477,은평세무서,골목상권,380,483.831
3110478,응암1동주민센터,골목상권,352,448.1803
3110479,연신내역 2번,골목상권,243,309.3972
3110480,연신내역 3번,골목상권,378,481.2845
3110481,불광역 7번,골목상권,473,602.2423
3110482,연신초등학교,골목상권,93,118.4113
3110483,연천초등학교,골목상권,227,289.0254
3110484,역촌역 3번,골목상권,438,557.6789
3110485,연신내우체국,골목상권,151,192.2592
3110486,은평구청,골목상권,266,338.6817
3110487,불광역 8번,골목상권,467,594.6029
3110488,우리은행응암동지점,골목상권,235,299.2113
3110489,불광역 3번,골목상권,410,522.0282
3110490,녹번동근린공원,골목상권,227,289.0254
3110491,불광중학교,골목상권,27,34.3775
3110492,하나고등학교,골목상권,31,39.4704
3110493,북가좌초등학교,골목상권,100,127.324
3110494,증산3교남측,골목상권,197,250.8282
3110495,북가좌2동주민센터,골목상권,314,399.7972
3110496,모래내우체국,골목상권,234,297.9381
3110497,가좌역 3번,골목상권,200,254.6479
3110498,증산역 1번,골목상권,432,550.0395
3110499,연가초등학교,골목상권,212,269.9268
3110500,남가좌동현대아파트,골목상권,197,250.8282
3110501,연희어린이공원,골목상권,307,390.8845
3110502,남가좌파출소,골목상권,335,426.5352
3110503,명지대학교교회,골목상권,287,365.4197
3110504,명지전문대,골목상권,146,185.893
3110505,홍남교남측,골목상권,175,222.8169
3110506,연희임광아파트,골목상권,866,1102.6254
3110507,명지대학교,골목상권,385,490.1972
3110508,서연중학교,골목상권,321,408.7099
3110509,연희대우아파트앞,골목상권,1077,1371.279
3110510,홍연시장,골목상권,108,137.5099
3110511,연희초등학교,골목상권,320,407.4367
3110512,연희지하차도,골목상권,126,160.4282
3110513,연희파출소,골목상권,190,241.9155
3110514,서대문우체국,골목상권,729,928.1916
3110515,홍은중학교,골목상권,12,15.2789
3110516,정원여중,골목상권,83,105.6789
3110517,서대문소방서,골목상권,70,89.1268
3110518,서대문구청,골목상권,108,137.5099
3110519,서대문구보건소별관,골목상권,70,89.1268
3110520,경의중앙 신촌역,골목상권,964,1227.4029
3110521,홍제역 4번,골목상권,371,472.3719
3110522,홍제역 3번,골목상권,275,350.1409
3110523,홍제성원아파트,골목상권,142,180.8
3110524,연희세브란스병원,골목상권,94,119.6845
3110525,홍은종합사회복지관,골목상권,276,351.4141
3110526,봉원사,골목상권,40,50.9296
3110527,홍제역 2번,골목상권,410,522.0282
3110528,서울여자간호대학교,골목상권,236,300.4845
3110529,홍제3동주민센터,골목상권,283,360.3268
3110530,아현역 1번,골목상권,232,295.3916
3110531,홍지문,골목상권,37,47.1099
3110532,아현역 2번,골목상권,235,299.2113
3110533,충정로역 7번,골목상권,290,369.2395
3110534,경기대학교,골목상권,265,337.4085
3110535,영천시장입구,골목상권,242,308.124
3110536,돈의문센트레빌아파트입구,골목상권,434,552.586
3110537,충정로현대아파트,골목상권,522,664.631
3110538,충정로역 3번,골목상권,470,598.4226
3110539,미근동,골목상권,586,746.1184
3110540,망원나들목체육관,골목상권,290,369.2395
3110541,동교초등학교,골목상권,459,584.417
3110542,마포구청역 7번,골목상권,342,435.4479
3110543,중암중학교,골목상권,93,118.4113
3110544,망리단길,골목상권,799,1017.3184
3110545,마포구청역 1번,골목상권,215,273.7465
3110546,양화대교북단,골목상권,368,468.5522
3110547,KB국민은행 망원동지점,골목상권,596,758.8508
3110548,마포구청역 4번,골목상권,309,393.431
3110549,새터산,골목상권,194,247.0085
3110550,합정역 8번,골목상권,670,853.0705
3110551,성서초등학교,골목상권,515,655.7184
3110552,성미산체육관,골목상권,140,178.2535
3110553,가좌역 2번,골목상권,223,283.9324
3110554,망원역 1번,골목상권,631,803.4142
3110555,홍익지구대,골목상권,763,971.4818
3110556,절두산순교성지,골목상권,248,315.7634
3110557,홍대부속여중고앞,골목상권,441,561.4986
3110558,경성고등학교,골목상권,236,300.4845
3110559,성산중학교,골목상권,949,1208.3043
3110560,마포FM,골목상권,548,697.7353
3110561,상수역 4번,골목상권,931,1185.386
3110562,연트럴파크(연남동주민센터),골목상권,1066,1357.2734
3110563,상수역 3번,골목상권,431,548.7662
3110564,홍대입구역 3번,골목상권,1343,1709.9607
3110565,홍익대,골목상권,880,1120.4508
3110566,경의선책거리,골목상권,977,1243.955
3110567,광흥창역 6번,골목상권,172,218.9972
3110568,광흥창역 1번,골목상권,178,226.6366
3110569,홍대땡땡거리,골목상권,872,1110.2649
3110570,KB국민은행 서강지점,골목상권,171,217.724
3110571,신수동주민센터,골목상권,314,399.7972
3110572,서강대역 1번,골목상권,300,381.9719
3110573,신촌역 6번,골목상권,542,690.0958
3110574,서강대학교,골목상권,370,471.0986
3110575,대흥동주민센터,골목상권,612,779.2226
3110576,대흥역 3번,골목상권,480,611.155
3110577,용강동주민센터,골목상권,729,928.1916
3110578,대흥역 2번,골목상권,419,533.4874
3110579,마포역 4번,골목상권,230,292.8451
3110580,양원초등학교,골목상권,199,253.3747
3110581,염리초등학교,골목상권,845,1075.8874
3110582,이대역 5번,골목상권,386,491.4705
3110583,공덕래미안3차아파트,골목상권,434,552.586
3110584,아현역 4번,골목상권,234,297.9381
3110585,마포경찰서,골목상권,307,390.8845
3110586,서울서부지방법원,골목상권,340,432.9014
3110587,공덕동주민센터,골목상권,332,422.7155
3110588,한겨레신문사,골목상권,241,306.8507
3110589,애오개역 3번,골목상권,188,239.369
3110590,만리재,골목상권,159,202.4451
3110591,충정로역 6번,골목상권,296,376.8789
3110592,서울금융고등학교,골목상권,169,215.1775
3110593,신월3동주민센터,골목상권,140,178.2535
3110594,신월중학교,골목상권,80,101.8592
3110595,메디힐병원,골목상권,290,369.2395
3110596,서서울호수공원,골목상권,111,141.3296
3110597,신월1동주민센터,골목상권,316,402.3437
3110598,신월문화체육센터,골목상권,131,166.7944
3110599,신월1파출소,골목상권,304,387.0648
3110600,신월7동주민센터,골목상권,144,183.3465
3110601,신월1동우편취급국,골목상권,301,383.2451
3110602,신월시영아파트중문,골목상권,263,334.862
3110603,지향초등학교,골목상권,75,95.493
3110604,신월4동주민센터,골목상권,212,269.9268
3110605,목동센트럴아이파크앞,골목상권,206,262.2873
3110606,신한은행 신월동지점,골목상권,333,423.9888
3110607,금빛새마을금고본점,골목상권,242,308.124
3110608,신월2동주민센터,골목상권,290,369.2395
3110609,신정네거리역 2번,골목상권,306,389.6113
3110610,계남근린공원,골목상권,142,180.8
3110611,신정역 1번,골목상권,248,315.7634
3110612,신정역 5번,골목상권,451,574.231
3110613,신정네거리역 4번,골목상권,406,516.9353
3110614,목동로데오거리,골목상권,422,537.3071
3110615,신서초등학교,골목상권,315,401.0705
3110616,양목초등학교,골목상권,475,604.7888
3110617,등촌역 4번,골목상권,303,385.7916
3110618,강서고등학교,골목상권,405,515.662
3110619,목4동주민센터,골목상권,311,395.9775
3110620,목동보건지소,골목상권,230,292.8451
3110621,목동역 5번,골목상권,400,509.2958
3110622,달마을공원,골목상권,244,310.6704
3110623,갈산공원,골목상권,60,76.3944
3110624,목동문화체육센터,골목상권,149,189.7127
3110625,신정2동주민센터,골목상권,201,255.9211
3110626,양화초등학교,골목상권,210,267.3803
3110627,신정롯데캐슬아파트,골목상권,318,404.8902
3110628,신목동역,골목상권,84,106.9521
3110629,송정역 4번,골목상권,209,266.1071
3110630,공항시장역 1번,골목상권,211,268.6535
3110631,방화초등학교,골목상권,302,384.5183
3110632,방화역 3번,골목상권,308,392.1578
3110633,개화산역 1번,골목상권,293,373.0592
3110634,송정역 3번,골목상권,180,229.1831
3110635,공항시장역 3번,골목상권,248,315.7634
3110636,방화역 2번,골목상권,305,388.3381
3110637,송정역 2번,골목상권,222,282.6592
3110638,신방화역 2번,골목상권,277,352.6874
3110639,신방화역 8번,골목상권,244,310.6704
3110640,방화역 1번,골목상권,97,123.5042
3110641,공항고등학교,골목상권,150,190.9859
3110642,정곡초등학교,골목상권,46,58.569
3110643,강서구다솔마을,골목상권,88,112.0451
3110644,신광명마을,골목상권,11,14.0056
3110645,우장산역 4번,골목상권,235,299.2113
3110646,푸른들청소년도서관,골목상권,425,541.1268
3110647,화곡역 5번,골목상권,475,604.7888
3110648,양천향교역 7번,골목상권,248,315.7634
3110649,우장산역 1번,골목상권,260,331.0423
3110650,우장산힐스테이트,골목상권,324,412.5296
3110651,화원중학교,골목상권,361,459.6395
3110652,양천향교역 2번,골목상권,193,245.7352
3110653,화곡역 2번,골목상권,473,602.2423
3110654,까치산역 4번,골목상권,387,492.7437
3110655,발산역 5번,골목상권,352,448.1803
3110656,까치산역 3번,골목상권,509,648.0789
3110657,양천향교역 5번,골목상권,307,390.8845
3110658,화곡초등학교,골목상권,317,403.6169
3110659,화곡역 4번,골목상권,265,337.4085
3110660,등촌3동주민센터,골목상권,183,233.0028
3110661,강서새말어린이공원,골목상권,448,570.4113
3110662,까치산역 1번,골목상권,306,389.6113
3110663,우장산롯데캐슬아파트앞,골목상권,478,608.6085
3110664,강서구청옆,골목상권,489,622.6141
3110665,곰달래도서관,골목상권,233,296.6648
3110666,KC대학교,골목상권,375,477.4648
3110667,가양역 10번,골목상권,215,273.7465
3110668,화곡2동주민센터,골목상권,224,285.2057
3110669,화곡보람2차아파트,골목상권,462,588.2367
3110670,신곡초등학교,골목상권,166,211.3578
3110671,등촌1동주민센터,골목상권,310,394.7043
3110672,백석중학교,골목상권,120,152.7887
3110673,뜸부기어린이공원,골목상권,452,575.5043
3110674,강서구청가양동별관,골목상권,178,226.6366
3110675,화곡4동주민센터,골목상권,331,421.4423
3110676,등촌역 7번,골목상권,310,394.7043
3110677,등촌역 1번,골목상권,296,376.8789
3110678,염창무학아파트,골목상권,171,217.724
3110679,염창역 2번,골목상권,203,258.4676
3110680,온수역 5번(온수산업단지),골목상권,59,75.1211
3110681,온수역 1번,골목상권,72,91.6732
3110682,온수역 8번,골목상권,55,70.0282
3110683,오류고등학교,골목상권,37,47.1099
3110684,서울공연예술고등학교,골목상권,43,54.7493
3110685,금강수목원아파트,골목상권,44,56.0225
3110686,수궁동주민센터,골목상권,62,78.9409
3110687,"천왕역 3번(오류2동주민센터, 서울오류남초등학교)",골목상권,79,100.5859
3110688,오류지구대,골목상권,204,259.7409
3110689,오류동역 3번,골목상권,259,329.769
3110690,오류2동버들시장,골목상권,270,343.7747
3110691,개봉중학교,골목상권,156,198.6254
3110692,큰굴다리,골목상권,322,409.9831
3110693,오류동역 4번,골목상권,240,305.5775
3110694,세곡초등학교,골목상권,217,276.293
3110695,개봉1동주민센터,골목상권,223,283.9324
3110696,오류동역 1번,골목상권,95,120.9578
3110697,개봉3동주민센터,골목상권,387,492.7437
3110698,개웅초등학교(개웅중학교),골목상권,267,339.955
3110699,덕의초등학교,골목상권,101,128.5972
3110700,고척초등학교,골목상권,185,235.5493
3110701,고척동성당,골목상권,182,231.7296
3110702,개봉초등학교,골목상권,246,313.2169
3110703,개봉역,골목상권,247,314.4902
3110704,고척중학교,골목상권,217,276.293
3110705,고산초등학교,골목상권,217,276.293
3110706,그라운드 고척,골목상권,207,263.5606
3110707,구로창업지원센터,골목상권,92,117.138
3110708,화원어린이공원,골목상권,212,269.9268
3110709,구로119안전센터,골목상권,199,253.3747
3110710,남구로역 3번,골목상권,521,663.3578
3110711,구로초등학교,골목상권,288,366.693
3110712,남구로역 5번,골목상권,542,690.0958
3110713,구로보건소,골목상권,394,501.6564
3110714,구로4동주민센터,골목상권,550,700.2817
3110715,구로구민회관,골목상권,359,457.093
3110716,구로나눔길,골목상권,408,519.4817
3110717,남구로역 2번,골목상권,575,732.1127
3110718,한국SGI본부,골목상권,431,548.7662
3110719,영서중학교,골목상권,449,571.6846
3110720,대림역 2번,골목상권,561,714.2874
3110721,가리봉파출소,골목상권,558,710.4677
3110722,G타워,골목상권,563,716.8339
3110723,가산디지털단지역 1번 출입구,골목상권,701,892.5409
3110724,금천구립가산도서관,골목상권,260,331.0423
3110725,가산동주민센터,골목상권,548,697.7353
3110726,금천철쭉어린이공원(금하마을),골목상권,114,145.1493
3110727,독산역 1번 출입구,골목상권,195,248.2817
3110728,두산초등학교,골목상권,265,337.4085
3110729,가산동우체국,골목상권,482,613.7015
3110730,서울축산농협 독산역지점(독산파출소),골목상권,242,308.124
3110731,금천구청역 1번 출입구,골목상권,269,342.5014
3110732,가산초등학교(세일중학교),골목상권,363,462.186
3110733,금천어울림복지센터,골목상권,308,392.1578
3110734,금천파출소,골목상권,446,567.8648
3110735,말미고개,골목상권,335,426.5352
3110736,독산119안전센터,골목상권,479,609.8817
3110737,금천세무서,골목상권,354,450.7268
3110738,문성초등학교,골목상권,446,567.8648
3110739,시흥3동 우편취급국,골목상권,77,98.0394
3110740,금천해태공원,골목상권,375,477.4648
3110741,독산2동주민센터,골목상권,256,325.9493
3110742,KT금천빌딩(금천구시설관리공단),골목상권,156,198.6254
3110743,시흥초등학교(시흥1동우체국),골목상권,531,676.0902
3110744,독산동성당,골목상권,317,403.6169
3110745,독산동정훈단지,골목상권,275,350.1409
3110746,금천금빛공원(은행나무사거리서측),골목상권,517,658.2648
3110747,석수역 1번 출입구,골목상권,62,78.9409
3110748,백산초등학교,골목상권,297,378.1521
3110749,금산초등학교(금천고등학교),골목상권,76,96.7662
3110750,시흥4동주민센터(서울신흥초등학교),골목상권,143,182.0733
3110751,난곡중학교,골목상권,255,324.6761
3110752,한울중학교,골목상권,92,117.138
3110753,시흥동 은행나무사거리,골목상권,222,282.6592
3110754,삼성산자연공원(서울금천초등학교),골목상권,246,313.2169
3110755,동일여자고등학교,골목상권,160,203.7183
3110756,문래중학교,골목상권,203,258.4676
3110757,양평역 2번,골목상권,231,294.1183
3110758,문래소공원,골목상권,390,496.5634
3110759,문래예술촌(문래창작촌),골목상권,398,506.7493
3110760,선유도역 6번,골목상권,304,387.0648
3110761,문래동남성맨션,골목상권,431,548.7662
3110762,선유도역 1번,골목상권,232,295.3916
3110763,영등포구청역 2번,골목상권,689,877.262
3110764,문래역 3번,골목상권,580,738.4789
3110765,문래동사거리,골목상권,424,539.8536
3110766,대림역 5번,골목상권,472,600.9691
3110767,도림동주민센터,골목상권,279,355.2338
3110768,도림2동유수지내체육시설,골목상권,150,190.9859
3110769,대림차이나타운(대림역 12번),골목상권,614,781.7691
3110770,영등포구청역 6번,골목상권,642,817.4198
3110771,대림역 11번,골목상권,591,752.4846
3110772,신우어린이공원,골목상권,137,174.4338
3110773,당산역 13번,골목상권,506,644.2592
3110774,당산반도유보라팰리스아파트,골목상권,470,598.4226
3110775,대동초등학교,골목상권,545,693.9156
3110776,도신초등학교,골목상권,288,366.693
3110777,구로세무서,골목상권,279,355.2338
3110778,구로디지털단지역 4번,골목상권,419,533.4874
3110779,대림갑을명가아파트,골목상권,320,407.4367
3110780,신길대성유니드아파트,골목상권,105,133.6902
3110781,대림한신아파트,골목상권,377,480.0113
3110782,영등포시장역 4번,골목상권,668,850.524
3110783,영등포시장역 1번,골목상권,435,553.8592
3110784,신대림초등학교,골목상권,394,501.6564
3110785,영등포푸르지오아파트,골목상권,185,235.5493
3110786,당산역 8번,골목상권,265,337.4085
3110787,신길3동주민센터,골목상권,225,286.4789
3110788,영등포시장역 3번,골목상권,689,877.262
3110789,대림성모병원,골목상권,342,435.4479
3110790,대림1동주민센터,골목상권,194,247.0085
3110791,신풍역 3번,골목상권,209,266.1071
3110792,영등포역 2번,골목상권,277,352.6874
3110793,대림썬프라자,골목상권,249,317.0366
3110794,영동초등학교,골목상권,260,331.0423
3110795,도림초등학교,골목상권,267,339.955
3110796,한림대학교한강성심병원,골목상권,387,492.7437
3110797,KT대방빌딩,골목상권,231,294.1183
3110798,신풍역 2번,골목상권,216,275.0197
3110799,영등포본동주민센터,골목상권,361,459.6395
3110800,영등포동성당,골목상권,618,786.862
3110801,신풍역 6번(신길6동공영주차장),골목상권,244,310.6704
3110802,신길동홍어거리,골목상권,265,337.4085
3110803,신길2동우편취급국,골목상권,235,299.2113
3110804,신풍역 1번,골목상권,235,299.2113
3110805,신길새마을금고신길4동지점,골목상권,184,234.2761
3110806,서울시립영등포장애인복지관,골목상권,201,255.9211
3110807,신길역 3번,골목상권,208,264.8338
3110808,신길역 1번,골목상권,180,229.1831
3110809,장훈고등학교,골목상권,247,314.4902
3110810,영신초등학교,골목상권,250,318.3099
3110811,보라매역 4번,골목상권,233,296.6648
3110812,신길6동주민센터,골목상권,223,283.9324
3110813,보라매역 6번,골목상권,250,318.3099
3110814,서울지방병무청,골목상권,132,168.0676
3110815,공군호텔,골목상권,246,313.2169
3110816,대방역 6번,골목상권,154,196.0789
3110817,대방역 4번,골목상권,187,238.0958
3110818,신대방역 3번,골목상권,323,411.2564
3110819,신대방역 4번,골목상권,285,362.8733
3110820,성남고등학교,골목상권,111,141.3296
3110821,보라매역 2번,골목상권,305,388.3381
3110822,신대방삼거리역 4번(대림초등학교),골목상권,312,397.2507
3110823,신대방삼거리역 3번,골목상권,429,546.2198
3110824,대방역 3번,골목상권,124,157.8817
3110825,신대방삼거리역 1번,골목상권,258,328.4958
3110826,장승배기역 4번,골목상권,244,310.6704
3110827,NH농협은행 상도동지점,골목상권,289,367.9662
3110828,노량진역 6번,골목상권,283,360.3268
3110829,장승배기역 5번,골목상권,189,240.6423
3110830,상도초등학교,골목상권,206,262.2873
3110831,상도4동주민센터,골목상권,119,151.5155
3110832,노량진초등학교,골목상권,449,571.6846
3110833,상도역 2번,골목상권,258,328.4958
3110834,동작구자원봉사센터,골목상권,299,380.6986
3110835,상도역 1번,골목상권,253,322.1296
3110836,상도역 5번,골목상권,255,324.6761
3110837,숭실대입구역 1번,골목상권,216,275.0197
3110838,상도1동주민센터앞,골목상권,251,319.5831
3110839,숭실대입구역 4번,골목상권,190,241.9155
3110840,중앙대학교,골목상권,308,392.1578
3110841,중대부중,골목상권,299,380.6986
3110842,흑리단길,골목상권,317,403.6169
3110843,사당5동주민센터,골목상권,111,141.3296
3110844,흑석2치안센터,골목상권,90,114.5916
3110845,사당종합체육관,골목상권,21,26.738
3110846,남성역 1번,골목상권,234,297.9381
3110847,예술인마을,골목상권,103,131.1437
3110848,양지어린이공원,골목상권,459,584.417
3110849,이수역 10번,골목상권,613,780.4958
3110850,사당역 10번,골목상권,718,914.186
3110851,경문고등학교(동작동성당),골목상권,242,308.124
3110852,이수역 9번,골목상권,709,902.7268
3110853,KT구로지사,골목상권,646,822.5127
3110854,조원동주민센터,골목상권,330,420.169
3110855,신대방역 2번,골목상권,419,533.4874
3110856,미성초등학교,골목상권,269,342.5014
3110857,미성동주민센터,골목상권,194,247.0085
3110858,신대방역 1번,골목상권,305,388.3381
3110859,난향초등학교,골목상권,45,57.2958
3110860,호림박물관(성보고등학교),골목상권,238,303.031
3110861,관악구신사동주민센터,골목상권,349,444.3606
3110862,난곡초등학교(난곡동벽화마을),골목상권,213,271.2
3110863,난우초등학교,골목상권,207,263.5606
3110864,신림우방아파트,골목상권,188,239.369
3110865,남강고등학교(남강중학교),골목상권,210,267.3803
3110866,난우중학교,골목상권,72,91.6732
3110867,국제신학대학원대학교(남서울중학교),골목상권,566,720.6536
3110868,남부초등학교,골목상권,492,626.4339
3110869,"신림역 5번(신림동주민센터, 신림동별빛거리)",골목상권,950,1209.5776
3110870,신림주공2단지(광신고등학교),골목상권,10,12.7324
3110871,신원동주민센터,골목상권,656,835.2451
3110872,신림초등학교,골목상권,260,331.0423
3110873,당곡중학교,골목상권,487,620.0677
3110874,원신초등학교(구세군관악영문교회),골목상권,181,230.4564
3110875,보라매동주민센터(당곡고등학교),골목상권,507,645.5324
3110876,서원동주민센터(신관중학교),골목상권,302,384.5183
3110877,신림역 8번,골목상권,698,888.7212
3110878,미림여고,골목상권,92,117.138
3110879,신림현대아파트,골목상권,256,325.9493
3110880,신림역 1번,골목상권,776,988.0339
3110881,구립대학경로당(관악산샘말공원),골목상권,447,569.1381
3110882,신성초등학교,골목상권,473,602.2423
3110883,은천초등학교(은천교앞),골목상권,325,413.8029
3110884,봉천역 4번(봉천110안전센터),골목상권,452,575.5043
3110885,영락고등학교,골목상권,145,184.6197
3110886,관악해태어린이공원,골목상권,370,471.0986
3110887,서울산업정보학교(서울삼성초등학교),골목상권,290,369.2395
3110888,청룡동주민센터,골목상권,400,509.2958
3110889,봉천역 6번,골목상권,574,730.8395
3110890,봉천역 1번(관악초등학교),골목상권,512,651.8986
3110891,구암초등학교,골목상권,161,204.9916
3110892,관악구 중앙길,골목상권,582,741.0254
3110893,관악소방서(문영여고),골목상권,105,133.6902
3110894,관악동부센트레빌아파트(은천로35라길),골목상권,234,297.9381
3110895,샤로수길,골목상권,637,811.0536
3110896,관악우성아파트,골목상권,310,394.7043
3110897,서울대입구역 8번,골목상권,849,1080.9804
3110898,청림동주민센터(상도중학교),골목상권,181,230.4564
3110899,낙성대역 5번(관악중학교),골목상권,359,457.093
3110900,낙성대역 1번(관악구민 종합체육센터),골목상권,341,434.1747
3110901,인헌고등학교(인헌중학교),골목상권,77,98.0394
3110902,사당역 4번,골목상권,396,504.2029
3110903,방배아이파크아파트,골목상권,330,420.169
3110904,이수역 5번,골목상권,590,751.2113
3110905,방배노인종합복지관(이수중학교),골목상권,333,423.9888
3110906,서문여고,골목상권,385,490.1972
3110907,방배초등학교,골목상권,535,681.1832
3110908,구반포역,골목상권,47,59.8423
3110909,남태령역(서울전자고등학교),골목상권,13,16.5521
3110910,내방역 5번,골목상권,324,412.5296
3110911,방배배수지체육공원,골목상권,17,21.6451
3110912,방배동사이길,골목상권,270,343.7747
3110913,방현초등학교(방배119안전센터),골목상권,182,231.7296
3110914,내방역 6번,골목상권,316,402.3437
3110915,서래초등학교,골목상권,148,188.4395
3110916,내방역 4번,골목상권,331,421.4423
3110917,서초소방서,골목상권,129,164.2479
3110918,방배역 3번,골목상권,270,343.7747
3110919,내방역 8번,골목상권,221,281.3859
3110920,방배역 2번(백석예술대학교),골목상권,264,336.1352
3110921,서울프랑스학교,골목상권,191,243.1888
3110922,내방역 1번,골목상권,326,415.0761
3110923,방배역 1번,골목상권,231,294.1183
3110924,반포4동주민센터(몽마르뜨공원),골목상권,184,234.2761
3110925,서초중학교,골목상권,247,314.4902
3110926,신중초등학교,골목상권,168,213.9042
3110927,잠원역,골목상권,70,89.1268
3110928,서초우방유쉘아파트,골목상권,772,982.9409
3110929,남부터미널역 1번,골목상권,205,261.0141
3110930,서초동성당,골목상권,236,300.4845
3110931,삼성전자서울R&D(서울우면초등학교),골목상권,38,48.3831
3110932,서울시인재개발원,골목상권,142,180.8
3110933,한국상담대학원대학교,골목상권,156,198.6254
3110934,우면주공아파트,골목상권,66,84.0338
3110935,한전아트센터,골목상권,270,343.7747
3110936,더케이호텔(양재리본타워2단지아파트),골목상권,85,108.2254
3110937,방아다리근린공원(횃불트리니티신학대학원대학교),골목상권,182,231.7296
3110938,바우뫼공원,골목상권,143,182.0733
3110939,양재역 8번(양재동우체국),골목상권,510,649.3522
3110940,양재근린공원(양재2동주민센터),골목상권,285,362.8733
3110941,언남고등학교,골목상권,403,513.1155
3110942,염곡동 구룡사(포이동성당),골목상권,249,317.0366
3110943,법제교육센터(버들어린이공원),골목상권,412,524.5747
3110944,서울나래학교(염곡어린이공원),골목상권,1,1.2732
3110945,본마을노인복지센터(서초구립내곡도서관),골목상권,9,11.4592
3110946,청계산원터골,골목상권,72,91.6732
3110947,청계산입구역 2번(내곡동주민센터),골목상권,86,109.4986
3110948,헌인가구단지,골목상권,0,0.0
3110949,한남IC,골목상권,626,797.048
3110950,논현역 7번,골목상권,575,732.1127
3110951,신사은행나무공원,골목상권,893,1137.0029
3110952,논현목련공원,골목상권,562,715.5606
3110953,학동근린공원,골목상권,452,575.5043
3110954,국기원,골목상권,965,1228.6762
3110955,논현초등학교,골목상권,572,728.293
3110956,언주역 8번,골목상권,614,781.7691
3110957,언북중학교,골목상권,484,616.2479
3110958,역삼역 4번,골목상권,791,1007.1325
3110959,신구중학교,골목상권,765,974.0283
3110960,은광여고,골목상권,634,807.2339
3110961,언주역 3번,골목상권,575,732.1127
3110962,도산공원북측,골목상권,918,1168.8339
3110963,역삼월드메르디앙아파트,골목상권,593,755.0311
3110964,싸리고개근린공원,골목상권,385,490.1972
3110965,언주역 6번,골목상권,822,1046.6029
3110966,논현2동주민센터,골목상권,631,803.4142
3110967,역삼역 8번,골목상권,825,1050.4226
3110968,강남구청역 2번,골목상권,489,622.6141
3110969,베르사이유1아파트,골목상권,732,932.0113
3110970,학동초등학교,골목상권,470,598.4226
3110971,선정릉역 4번,골목상권,612,779.2226
3110972,강남세브란스병원미래의학연구센터,골목상권,364,463.4592
3110973,강남구청역 4번,골목상권,536,682.4564
3110974,언주중학교,골목상권,350,445.6338
3110975,매봉역 1번,골목상권,236,300.4845
3110976,언북초등학교,골목상권,466,593.3296
3110977,논현로18길,골목상권,442,562.7719
3110978,도곡2동주민센터(대치중학교),골목상권,272,346.3212
3110979,청담초등학교,골목상권,297,378.1521
3110980,개포지구대옆,골목상권,300,381.9719
3110981,국악고교사거리,골목상권,436,555.1324
3110982,강남구보훈회관,골목상권,227,289.0254
3110983,국립국악고등학교,골목상권,260,331.0423
3110984,포이초등학교(개포목련어린이공원),골목상권,131,166.7944
3110985,청담근린공원,골목상권,361,459.6395
3110986,삼성중앙역 7번,골목상권,534,679.9099
3110987,영동대교남단,골목상권,227,289.0254
3110988,청담역 3번,골목상권,134,170.6141
3110989,대치동아우편취급국,골목상권,771,981.6677
3110990,청담역 12번,골목상권,176,224.0902
3110991,삼성중앙역 5번,골목상권,583,742.2987
3110992,도곡초등학교,골목상권,518,659.5381
3110993,개포지하차도 북측,골목상권,5,6.3662
3110994,개포고등학교,골목상권,47,59.8423
3110995,봉은사역 4번,골목상권,146,185.893
3110996,대치2동주민센터,골목상권,250,318.3099
3110997,대청초등학교,골목상권,178,226.6366
3110998,은곡마을(은곡마을공원),골목상권,58,73.8479
3110999,윗방죽마을공원,골목상권,88,112.0451
3111000,대왕초등학교(세곡동사거리서남측),골목상권,34,43.2901
3111001,아래방죽마을공원(율현초등학교),골목상권,30,38.1972
3111002,한국교통안전공단 강남자동차검사소,골목상권,8,10.1859
3111003,삼전역 4번,골목상권,197,250.8282
3111004,삼전역 1번,골목상권,687,874.7156
3111005,삼전역 3번,골목상권,209,266.1071
3111006,석촌고분역 1번,골목상권,491,625.1606
3111007,석촌고분역 4번,골목상권,200,254.6479
3111008,석촌고분역 3번,골목상권,309,393.431
3111009,송파책박물관,골목상권,242,308.124
3111010,석촌역 7번,골목상권,430,547.493
3111011,잠실나루역,골목상권,118,150.2423
3111012,석촌역 6번,골목상권,421,536.0338
3111013,송파나루역 1번(송리단길),골목상권,727,925.6451
3111014,송파나루역 2번,골목상권,929,1182.8395
3111015,석촌역 3번,골목상권,471,599.6958
3111016,송파역 2번,골목상권,236,300.4845
3111017,송파나루역 3번,골목상권,404,514.3888
3111018,풍납초등학교(풍납백제문화공원),골목상권,107,136.2366
3111019,한성백제역 3번,골목상권,312,397.2507
3111020,방이동고분군(방산고등학교),골목상권,236,300.4845
3111021,방이역 4번,골목상권,349,444.3606
3111022,석촌중학교(방이육교),골목상권,210,267.3803
3111023,문정역 1번,골목상권,660,840.3381
3111024,경찰병원역 4번(건너말공원),골목상권,449,571.6846
3111025,경찰병원역 3번,골목상권,265,337.4085
3111026,문정역 2번,골목상권,604,769.0367
3111027,문정초등학교,골목상권,257,327.2226
3111028,문현중학교(장지역 1번),골목상권,288,366.693
3111029,오금역 4번,골목상권,205,261.0141
3111030,방이역 2번,골목상권,197,250.8282
3111031,장지동주민센터(한림연예예술고교),골목상권,171,217.724
3111032,방이역 1번,골목상권,224,285.2057
3111033,문정동성당,골목상권,79,100.5859
3111034,오동나무공원(송파레미니스1단지),골목상권,117,148.969
3111035,오금공원(오주중학교),골목상권,130,165.5211
3111036,투구봉어린이공원,골목상권,172,218.9972
3111037,Sh수협은행 오금동금융센터(아랫말어린이공원),골목상권,139,176.9803
3111038,보인중학교,골목상권,192,244.462
3111039,벌말어린이공원,골목상권,155,197.3521
3111040,거여초등학교,골목상권,145,184.6197
3111041,거여역 8번,골목상권,171,217.724
3111042,거여역 1번(거여공원),골목상권,280,356.5071
3111043,마천공원,골목상권,183,233.0028
3111044,남천초등학교,골목상권,317,403.6169
3111045,개미어린이공원,골목상권,178,226.6366
3111046,마천역(마천초등학교),골목상권,297,378.1521
3111047,마천1치안센터,골목상권,110,140.0563
3111048,천호역 1번(천호문구완구거리),골목상권,334,425.262
3111049,천호지구대(천호동자전거거리),골목상권,234,297.9381
3111050,강동구청(강동구청역 2번),골목상권,368,468.5522
3111051,천호역 6번,골목상권,526,669.724
3111052,암사역 3번(천호동자전거거리),골목상권,299,380.6986
3111053,성내천어린이공원(하니사랑길),골목상권,236,300.4845
3111054,암사역 4번(삼성광나루아파트),골목상권,307,390.8845
3111055,선사초등학교,골목상권,184,234.2761
3111056,천호태영아파트,골목상권,745,948.5635
3111057,천호공원(해공체육문화센터),골목상권,400,509.2958
3111058,성내중학교,골목상권,336,427.8085
3111059,강동역 4번(강풀만화거리),골목상권,422,537.3071
3111060,암사역 2번(서울강동초등학교),골목상권,473,602.2423
3111061,암사역 1번,골목상권,414,527.1212
3111062,둔촌동역 3번(성내3동주민센터),골목상권,378,481.2845
3111063,강동구립 천호도서관,골목상권,506,644.2592
3111064,둔촌동역 4번,골목상권,531,676.0902
3111065,천일초등학교,골목상권,347,441.8141
3111066,암사동성당(효정하나플러스아파트),골목상권,336,427.8085
3111067,강동구립성내도서관,골목상권,504,641.7127
3111068,강동성심병원,골목상권,681,867.0761
3111069,천호1동주민센터,골목상권,325,413.8029
3111070,천호초등학교,골목상권,298,379.4254
3111071,천동초등학교,골목상권,546,695.1888
3111072,굽은다리역 1번(십자성마을),골목상권,332,422.7155
3111073,둔촌동역 1번(한산중학교),골목상권,412,524.5747
3111074,명일역 1번,골목상권,301,383.2451
3111075,굽은다리역 2번,골목상권,415,528.3944
3111076,둔촌2동주민센터,골목상권,358,455.8198
3111077,길동주민센터(강동도서관),골목상권,545,693.9156
3111078,굽은다리역 4번,골목상권,352,448.1803
3111079,둔촌고등학교(둔촌중학교),골목상권,176,224.0902
3111080,굽은다리역 3번,골목상권,362,460.9127
3111081,둔촌푸르지오아파트,골목상권,226,287.7521
3111082,중앙보훈병원,골목상권,120,152.7887
3111083,GS강동자이아파트,골목상권,240,305.5775
3111084,길동신동아아파트,골목상권,186,236.8226
3111085,묘곡초등학교(고덕아이파크아파트),골목상권,77,98.0394
3111086,한영중고,골목상권,78,99.3127
3111087,고덕중학교(고덕2동주민센터),골목상권,68,86.5803
3111088,고덕동성당,골목상권,127,161.7014
3111089,상일여고(상일초등학교),골목상권,213,271.2
3111090,강일동주민센터,골목상권,54,68.7549
3120001,서대문역,발달상권,508,646.8057
3120002,서촌(경복궁역),발달상권,641,816.1465
3120003,광화문역,발달상권,861,1096.2592
3120004,종로구청,발달상권,881,1121.724
3120005,삼청동,발달상권,166,211.3578
3120006,종각역,발달상권,1573,2002.8058
3120007,북촌(안국역),발달상권,451,574.231
3120008,인사동,발달상권,1341,1707.4142
3120009,종로3가역,발달상권,1244,1583.91
3120010,원남동사거리,발달상권,294,374.3324
3120011,종로4가,발달상권,559,711.7409
3120012,대학로(혜화역),발달상권,758,965.1156
3120013,이화사거리,발달상권,513,653.1719
3120014,종로5가역,발달상권,729,928.1916
3120015,종로6가,발달상권,716,911.6395
3120016,동대문역,발달상권,662,842.8846
3120017,동묘앞역(동묘),발달상권,534,679.9099
3120018,중림동,발달상권,454,578.0508
3120019,경찰청앞교차로,발달상권,540,687.5494
3120020,시청역_1번,발달상권,689,877.262
3120021,시청역_8번,발달상권,845,1075.8874
3120022,북창동(시청역_6번),발달상권,861,1096.2592
3120023,서울시청,발달상권,976,1242.6818
3120024,회현역,발달상권,545,693.9156
3120025,롯데백화점(시청광장 지하쇼핑센터),발달상권,1140,1451.4931
3120026,을지로입구역,발달상권,1545,1967.1551
3120027,명동역(명동재미로),발달상권,614,781.7691
3120028,명동(명동거리),발달상권,931,1185.386
3120029,을지로2가,발달상권,1407,1791.448
3120030,중부경찰서(영화인의거리),발달상권,1237,1574.9973
3120031,을지로3가역,발달상권,1245,1585.1832
3120032,충무로역,발달상권,922,1173.9269
3120033,을지로4가역,발달상권,686,873.4423
3120034,중구청(퇴계로4가),발달상권,778,990.5804
3120035,퇴계로5가,발달상권,544,692.6423
3120036,장충동족발거리(남소영길),발달상권,242,308.124
3120037,동대문역사문화공원역,발달상권,529,673.5437
3120038,약수역,발달상권,351,446.9071
3120039,신당역,발달상권,801,1019.8649
3120040,용산전자상가(용산역),발달상권,388,494.0169
3120041,신용산역(용산역),발달상권,470,598.4226
3120042,"숙대입구역(남영역, 남영동)",발달상권,591,752.4846
3120043,서울역,발달상권,577,734.6592
3120044,삼각지역,발달상권,481,612.4282
3120045,남영동 먹자골목,발달상권,511,650.6254
3120046,이태원(이태원역),발달상권,691,879.8085
3120047,한남오거리,발달상권,374,476.1916
3120048,금호역,발달상권,257,327.2226
3120049,왕십리역(왕십리),발달상권,795,1012.2254
3120050,서울숲역,발달상권,400,509.2958
3120051,뚝섬역,발달상권,729,928.1916
3120052,성수역,발달상권,618,786.862
3120053,건대입구역(건대),발달상권,898,1143.3691
3120054,어린이대공원역,발달상권,589,749.9381
3120055,군자역,발달상권,550,700.2817
3120056,구의역,발달상권,514,654.4451
3120057,아차산역,발달상권,344,437.9944
3120058,구의사거리,발달상권,262,333.5888
3120059,구삼강변맛길,발달상권,411,523.3015
3120060,강변역(테크노마트),발달상권,177,225.3634
3120061,올림픽대교북단,발달상권,202,257.1944
3120062,신설동역,발달상권,420,534.7606
3120063,청량리역(청량리),발달상권,486,618.7944
3120064,경희대학교(경희대),발달상권,559,711.7409
3120065,회기역,발달상권,408,519.4817
3120066,장한평역(장한평),발달상권,337,429.0817
3120067,장안동사거리,발달상권,495,630.2536
3120068,사가정역,발달상권,556,707.9212
3120069,상봉역,발달상권,503,640.4395
3120070,한성대입구역,발달상권,382,486.3775
3120071,성북구청,발달상권,827,1052.9691
3120072,성신여대,발달상권,907,1154.8283
3120073,미아사거리,발달상권,247,314.4902
3120074,안암역,발달상권,472,600.9691
3120075,월곡역,발달상권,297,378.1521
3120076,수유역,발달상권,961,1223.5832
3120077,미아역,발달상권,312,397.2507
3120078,미아사거리역,발달상권,581,739.7522
3120079,창동역,발달상권,349,444.3606
3120080,마들역,발달상권,92,117.138
3120081,노원역,발달상권,720,916.7325
3120082,상계백병원,발달상권,115,146.4225
3120083,등나무근린공원,발달상권,188,239.369
3120084,공릉역,발달상권,564,718.1071
3120085,은행사거리,발달상권,244,310.6704
3120086,태릉입구역,발달상권,504,641.7127
3120087,응암역,발달상권,411,523.3015
3120088,구산역,발달상권,314,399.7972
3120089,구파발역,발달상권,201,255.9211
3120090,연신내역,발달상권,761,968.9353
3120091,본서부병원,발달상권,423,538.5803
3120092,불광역,발달상권,495,630.2536
3120093,연희동,발달상권,395,502.9296
3120094,"신촌역(신촌역, 신촌로터리)",발달상권,1038,1321.6226
3120095,홍제역,발달상권,408,519.4817
3120096,"이화여대(이대역, 이대)",발달상권,633,805.9606
3120097,충정로역,발달상권,372,473.6451
3120098,DMC(디지털미디어시티),발달상권,509,648.0789
3120099,월드컵경기장역(월드컵경기장),발달상권,60,76.3944
3120100,망원역,발달상권,776,988.0339
3120101,합정역,발달상권,899,1144.6424
3120102,서교동(홍대),발달상권,887,1129.3635
3120103,홍대입구역(홍대),발달상권,1552,1976.0678
3120104,연남동(홍대),발달상권,1258,1601.7353
3120105,상수역(홍대),발달상권,1063,1353.4536
3120106,마포역,발달상권,671,854.3437
3120107,공덕역(공덕오거리),발달상권,725,923.0987
3120108,신정네거리역,발달상권,362,460.9127
3120109,서울남부지방법원,발달상권,385,490.1972
3120110,목동역 8번출구,발달상권,431,548.7662
3120111,목동사거리,발달상권,449,571.6846
3120112,등촌역,발달상권,395,502.9296
3120113,오목교역,발달상권,527,670.9972
3120114,목동신시가지,발달상권,198,252.1014
3120115,김포공항역(김포공항),발달상권,55,70.0282
3120116,송정역,발달상권,231,294.1183
3120117,강서농산물도매시장,발달상권,92,117.138
3120118,마곡역(마곡),발달상권,640,814.8733
3120119,발산역(마곡),발달상권,961,1223.5832
3120120,화곡역,발달상권,563,716.8339
3120121,까치산역,발달상권,507,645.5324
3120122,강서구청,발달상권,515,655.7184
3120123,오류동역,발달상권,309,393.431
3120124,개봉동 현대아파트,발달상권,279,355.2338
3120125,구로역,발달상권,263,334.862
3120126,디지털단지오거리,발달상권,673,856.8902
3120127,구로구청,발달상권,339,431.6282
3120128,신도림역,발달상권,426,542.4
3120129,구로디지털단지,발달상권,709,902.7268
3120130,구로디지털단지역,발달상권,717,912.9128
3120131,가산디지털단지,발달상권,593,755.0311
3120132,독산동,발달상권,321,408.7099
3120133,서울시흥동우체국(홈플러스시흥점),발달상권,498,634.0733
3120134,구로전화국,발달상권,368,468.5522
3120135,양평역,발달상권,415,528.3944
3120136,영등포구청역,발달상권,673,856.8902
3120137,문래역(문래로데오거리),발달상권,454,578.0508
3120138,당산2동(영등포우체국),발달상권,436,555.1324
3120139,대림3동사거리,발달상권,162,206.2648
3120140,문래동주민센터,발달상권,425,541.1268
3120141,영등포청과시장교차로,발달상권,500,636.6198
3120142,대림역,발달상권,535,681.1832
3120143,당산역,발달상권,379,482.5578
3120144,영중로,발달상권,317,403.6169
3120145,영등포역(영등포),발달상권,862,1097.5325
3120146,한강성심병원,발달상권,265,337.4085
3120147,보라매역,발달상권,303,385.7916
3120148,국회의사당역(국회의사당),발달상권,551,701.555
3120149,여의도역(여의도),발달상권,1063,1353.4536
3120150,63빌딩,발달상권,96,122.231
3120151,보라매공원,발달상권,459,584.417
3120152,신대방삼거리역,발달상권,363,462.186
3120153,노량진역(노량진),발달상권,421,536.0338
3120154,장승배기역,발달상권,255,324.6761
3120155,총신대학교,발달상권,81,103.1324
3120156,"총신대입구역(이수, 총신대)",발달상권,682,868.3494
3120157,신림역(신림),발달상권,1041,1325.4424
3120158,녹두거리(대학동),발달상권,516,656.9916
3120159,서울대입구역,발달상권,838,1066.9747
3120160,사당역(사당),발달상권,857,1091.1663
3120161,방배동가구거리(사당동가구거리),발달상권,252,320.8564
3120162,방배동카페골목,발달상권,263,334.862
3120163,사당역 11번(사당역먹자골목),발달상권,493,627.7071
3120164,내방역,발달상권,289,367.9662
3120165,서래마을카페거리(서래마을),발달상권,186,236.8226
3120166,방배역,발달상권,277,352.6874
3120167,고속터미널(고속터미널역),발달상권,403,513.1155
3120168,서울고교교차로,발달상권,95,120.9578
3120169,서초역,발달상권,614,781.7691
3120170,삼호가든사거리,발달상권,150,190.9859
3120171,서초3동사거리,발달상권,299,380.6986
3120172,교대입구교차로,발달상권,692,881.0818
3120173,교대역(법원.검찰청),발달상권,739,940.924
3120174,논현역 5번,발달상권,324,412.5296
3120175,남부터미널역,발달상권,385,490.1972
3120176,논현역 4번,발달상권,573,729.5663
3120177,신논현역 1번,발달상권,553,704.1015
3120178,신사역,발달상권,730,929.4649
3120179,양재역,발달상권,529,673.5437
3120180,양재화물트럭터미널앞,발달상권,82,104.4056
3120181,교육개발원입구사거리,발달상권,258,328.4958
3120182,"양재시민의숲역(양재동꽃시장, aT센터)",발달상권,243,309.3972
3120183,양재천카페거리,발달상권,471,599.6958
3120184,포이사거리(삼호물산),발달상권,486,618.7944
3120185,논현역,발달상권,762,970.2085
3120186,가로수길,발달상권,825,1050.4226
3120187,신논현역,발달상권,1049,1335.6283
3120188,압구정역,발달상권,528,672.2705
3120189,강남역,발달상권,1120,1426.0283
3120190,강남을지병원,발달상권,635,808.5071
3120191,학동역,발달상권,326,415.0761
3120192,뱅뱅사거리,발달상권,629,800.8677
3120193,도산공원교차로,발달상권,608,774.1296
3120194,언주역(차병원),발달상권,593,755.0311
3120195,성수대교남단,발달상권,744,947.2902
3120196,서울세관,발달상권,463,589.5099
3120197,역삼역,발달상권,1002,1275.786
3120198,구역삼세무서,발달상권,689,877.262
3120199,경복아파트교차로,발달상권,606,771.5832
3120200,학동사거리,발달상권,990,1260.5071
3120201,도곡1동,발달상권,360,458.3662
3120202,압구정로데오역(압구정로데오),발달상권,882,1122.9973
3120203,강남구청역,발달상권,440,560.2254
3120204,르네상스호텔사거리,발달상권,861,1096.2592
3120205,매봉역,발달상권,341,434.1747
3120206,개나리아파트,발달상권,346,440.5409
3120207,선정릉역,발달상권,255,324.6761
3120208,청담사거리(청담동명품거리),발달상권,438,557.6789
3120209,"강남구청(청담역_8번, 강남세무서)",발달상권,178,226.6366
3120210,선릉역,발달상권,866,1102.6254
3120211,도성초등학교,발달상권,666,847.9775
3120212,한티역,발달상권,306,389.6113
3120213,삼성중앙역,발달상권,587,747.3916
3120214,영동대교남단교차로,발달상권,226,287.7521
3120215,포스코사거리,발달상권,995,1266.8733
3120216,경기고교사거리(경기고교앞사거리),발달상권,133,169.3409
3120217,대치사거리,발달상권,530,674.817
3120218,코엑스,발달상권,603,767.7634
3120219,은마아파트,발달상권,294,374.3324
3120220,대치역,발달상권,118,150.2423
3120221,봉은사역,발달상권,269,342.5014
3120222,삼성역,발달상권,507,645.5324
3120223,휘문고교사거리,발달상권,171,217.724
3120224,수서역,발달상권,183,233.0028
3120225,잠실새내역(신천),발달상권,745,948.5635
3120226,석촌고분역,발달상권,427,543.6733
3120227,잠실역,발달상권,488,621.3409
3120228,석촌역(석촌호수),발달상권,525,668.4508
3120229,방이동먹자골목,발달상권,867,1103.8987
3120230,송파사거리(송파역),발달상권,431,548.7662
3120231,가락시장,발달상권,107,136.2366
3120232,송파나루역,발달상권,710,904.0001
3120233,몽촌토성역,발달상권,549,699.0085
3120234,가락시장역,발달상권,485,617.5212
3120235,문정역,발달상권,771,981.6677
3120236,장지역(가든파이브),발달상권,310,394.7043
3120237,경찰병원역,발달상권,535,681.1832
3120238,방이역,발달상권,340,432.9014
3120239,오금역,발달상권,193,245.7352
3120240,개롱역,발달상권,209,266.1071
3120241,거여역,발달상권,226,287.7521
3120242,강동구청역,발달상권,314,399.7972
3120243,천호역,발달상권,676,860.7099
3120244,암사역,발달상권,417,530.9409
3120245,둔촌역,발달상권,501,637.893
3120246,길동역,발달상권,719,915.4592
3120247,굽은다리역,발달상권,324,412.5296
3120248,명일역,발달상권,341,434.1747
3120249,고덕역,발달상권,158,201.1718
3130001,통인시장,전통시장,532,677.3634
3130002,세종마을음식문화거리(금천교시장),전통시장,808,1028.7776
3130004,낙원시장(낙원지하시장(대일상가)),전통시장,1656,2108.4847
3130005,세운상가가동,전통시장,717,912.9128
3130007,광장시장(광장전통시장),전통시장,661,841.6113
3130009,마전교지하쇼핑센터(구 한일상가),전통시장,802,1021.1381
3130010,종로신진시장,전통시장,747,951.1099
3130011,충신시장,전통시장,560,713.0141
3130012,"동대문종합시장(동대문종합시장 신관, 동대문종합시장D동상가)",전통시장,763,971.4818
3130013,동대문상가A동,전통시장,736,937.1043
3130014,동문시장,전통시장,706,898.9071
3130015,창신골목시장,전통시장,545,693.9156
3130016,동대문상가B동,전통시장,636,809.7804
3130017,동대문상가C동,전통시장,540,687.5494
3130018,동대문문구완구거리(동대문문구완구시장),전통시장,527,670.9972
3130019,동대문상가D동,전통시장,569,724.4733
3130020,동묘시장(동묘벼룩시장),전통시장,506,644.2592
3130021,신설종합시장,전통시장,431,548.7662
3130022,숭례문수입상가(남대문시장),전통시장,919,1170.1071
3130024,남대문시장(자유상가),전통시장,927,1180.2931
3130025,삼익패션타운(남대문시장),전통시장,856,1089.8931
3130031,청계천공구상가,전통시장,1304,1660.3044
3130032,인현시장,전통시장,1207,1536.8001
3130033,대림상가(청계상가),전통시장,732,932.0113
3130034,필동 골목형상점가,전통시장,606,771.5832
3130035,방산종합시장(방산시장),전통시장,583,742.2987
3130036,중부시장(신중부시장),전통시장,512,651.8986
3130038,"평화시장(통일상가, 동화상가)",전통시장,747,951.1099
3130042,약수시장,전통시장,302,384.5183
3130046,team204(팀204),전통시장,557,709.1944
3130047,테크노상가(엘리시움),전통시장,610,776.6761
3130048,동평화시장,전통시장,561,714.2874
3130049,신당 미래유산 먹거리 골목형상점가,전통시장,623,793.2282
3130050,청평화시장,전통시장,600,763.9437
3130051,동화동 골목형상점가,전통시장,689,877.262
3130052,서울중앙시장(신중앙시장),전통시장,861,1096.2592
3130053,백학시장,전통시장,860,1094.986
3130054,황학동주방가구거리상점가,전통시장,697,887.448
3130055,"황학시장(서울중앙시장, 신중앙시장)",전통시장,793,1009.679
3130056,용산용문시장,전통시장,373,474.9184
3130057,만리시장,전통시장,171,217.724
3130058,이촌종합시장,전통시장,121,154.062
3130059,후암시장,전통시장,382,486.3775
3130060,신흥시장,전통시장,300,381.9719
3130061,이태원시장,전통시장,613,780.4958
3130062,보광시장,전통시장,136,173.1606
3130063,신금호역 골목형상점가,전통시장,123,156.6085
3130064,금남시장,전통시장,303,385.7916
3130065,무학봉상점가,전통시장,506,644.2592
3130066,행당시장상점가,전통시장,624,794.5015
3130067,왕십리도선동상점가,전통시장,621,790.6818
3130068,마장축산물시장,전통시장,122,155.3352
3130069,"한양대앞상점가(한양시장, 왕십리맛골목)",전통시장,495,630.2536
3130070,뚝섬역상점가,전통시장,649,826.3325
3130071,성수역 골목형상점가,전통시장,730,929.4649
3130072,성동용답상가시장,전통시장,259,329.769
3130073,뚝도시장,전통시장,453,576.7775
3130074,영동교골목시장,전통시장,515,655.7184
3130075,노룬산시장(노룬산골목시장),전통시장,465,592.0564
3130076,능동로골목시장,전통시장,361,459.6395
3130077,조양시장,전통시장,874,1112.8114
3130078,화양제일골목시장,전통시장,939,1195.5719
3130079,한아름시장,전통시장,986,1255.4142
3130080,자양종합시장(기능상실),전통시장,291,370.5127
3130081,자양골목전통시장(자양골목시장),전통시장,430,547.493
3130082,면곡골목시장,전통시장,201,255.9211
3130083,"중곡제일시장(중곡제일골목시장, 광성시장)",전통시장,429,546.2198
3130084,신성시장(신성골목시장),전통시장,272,346.3212
3130085,용두시장,전통시장,277,352.6874
3130086,서울약령시장,전통시장,299,380.6986
3130087,경동광성상가(경동시장),전통시장,506,644.2592
3130088,경동시장,전통시장,524,667.1775
3130089,청량리수산시장,전통시장,548,697.7353
3130090,청량리종합시장,전통시장,629,800.8677
3130091,청량종합도매시장,전통시장,534,679.9099
3130092,청량리농수산물시장,전통시장,607,772.8564
3130093,동서시장,전통시장,626,797.048
3130094,청량리청과물시장,전통시장,570,725.7465
3130095,청량리전통시장,전통시장,541,688.8226
3130096,동부시장,전통시장,327,416.3493
3130097,답십리 건축자재시장,전통시장,324,412.5296
3130098,회기시장,전통시장,612,779.2226
3130099,전농로터리시장,전통시장,252,320.8564
3130100,답십리시장,전통시장,231,294.1183
3130101,답십리현대시장,전통시장,276,351.4141
3130102,이문제일시장,전통시장,148,188.4395
3130103,이경시장,전통시장,185,235.5493
3130104,전곡시장,전통시장,277,352.6874
3130105,장미제일시장(중화동제일시장),전통시장,283,360.3268
3130106,중랑동부시장,전통시장,444,565.3184
3130107,중랑동부시장(중랑교종합상가),전통시장,457,581.8705
3130108,태능엔터피아(태릉시장),전통시장,311,395.9775
3130109,묵1동도깨비시장,전통시장,336,427.8085
3130110,면목골목시장(면목시장),전통시장,425,541.1268
3130111,"동원전통종합시장(동원시장, 동원전통시장 상점가)",전통시장,403,513.1155
3130112,사가정시장,전통시장,464,590.7831
3130113,신아타운,전통시장,221,281.3859
3130114,유영시장,전통시장,273,347.5944
3130115,우림골목시장,전통시장,471,599.6958
3130116,동성타워프라자,전통시장,215,273.7465
3130117,정릉시장,전통시장,252,320.8564
3130118,정릉골 골목형상점가,전통시장,218,277.5662
3130119,정릉아리랑시장,전통시장,175,222.8169
3130120,돈암시장(돈암제일시장),전통시장,912,1161.1945
3130121,길음시장,전통시장,240,305.5775
3130122,밤나무골시장,전통시장,294,374.3324
3130123,꿈의숲 장곡 골목형상점가,전통시장,206,262.2873
3130124,번동시장,전통시장,153,194.8057
3130125,장위전통시장,전통시장,174,221.5437
3130126,새석관시장,전통시장,168,213.9042
3130127,석관시장,전통시장,322,409.9831
3130128,돌곶이시장(석관황금시장),전통시장,362,460.9127
3130129,장미원골목시장,전통시장,248,315.7634
3130130,수유북부골목시장,전통시장,202,257.1944
3130131,동북프라자,전통시장,253,322.1296
3130132,삼양골목시장(삼양시장),전통시장,182,231.7296
3130133,우이골목시장(우이시장),전통시장,233,296.6648
3130134,"솔샘시장(미아6,7동골목시장)",전통시장,264,336.1352
3130135,수유중앙골목시장(수유중앙시장),전통시장,735,935.8311
3130136,수유재래시장,전통시장,453,576.7775
3130137,"수유전통시장(수유시장, 수유골목시장)",전통시장,404,514.3888
3130138,수유프라자,전통시장,410,522.0282
3130139,강북종합전통시장(강북종합골목시장),전통시장,907,1154.8283
3130140,숭인시장,전통시장,548,697.7353
3130141,강북북부골목시장,전통시장,359,457.093
3130142,강북북부시장,전통시장,343,436.7212
3130143,방천골목시장,전통시장,553,704.1015
3130144,백운시장,전통시장,109,138.7831
3130145,쌍문역둘리상점가,전통시장,374,476.1916
3130146,쌍문시장(쌍문역골목시장),전통시장,376,478.7381
3130147,쌍문역동측상점가,전통시장,392,499.1099
3130148,방학동도깨비시장,전통시장,333,423.9888
3130149,창동신창시장,전통시장,245,311.9437
3130150,창동골목시장,전통시장,210,267.3803
3130151,신도봉시장,전통시장,352,448.1803
3130152,오!도봉거리 상점가,전통시장,267,339.955
3130153,창동역상점가,전통시장,349,444.3606
3130154,상계주공1단지(가)상가,전통시장,94,119.6845
3130155,시영B상가(중계 그린아파트 B 상가),전통시장,143,182.0733
3130156,시영2단지 무지개종합상가(중계 무지개2단지아파트상가),전통시장,156,198.6254
3130157,상계중앙시장,전통시장,663,844.1578
3130158,상계역전종합상가,전통시장,538,685.0029
3130159,공릉동 도깨비시장,전통시장,665,846.7043
3130160,수일시장,전통시장,123,156.6085
3130161,증산종합시장,전통시장,121,154.062
3130162,증산골목시장,전통시장,324,412.5296
3130163,응암오거리상점가,전통시장,487,620.0677
3130164,역촌중앙시장,전통시장,339,431.6282
3130165,"대림골목시장(대림시장, 양지시장)",전통시장,441,561.4986
3130166,응암시장(신응암시장),전통시장,364,463.4592
3130167,연신내상점가(연빛거리),전통시장,794,1010.9522
3130168,연서시장,전통시장,754,960.0226
3130169,대조시장,전통시장,522,664.631
3130170,제일시장,전통시장,489,622.6141
3130171,불광먹자골목 골목형상점가,전통시장,469,597.1493
3130172,모래내시장(서중시장),전통시장,219,278.8395
3130173,백련시장,전통시장,349,444.3606
3130174,연희사러가,전통시장,395,502.9296
3130175,신촌 상인회(신촌상점가),전통시장,1018,1296.1579
3130176,유진상가,전통시장,406,516.9353
3130177,인왕시장(홍제골목형상점가),전통시장,418,532.2141
3130178,이대 앞 스타트업 상점가,전통시장,462,588.2367
3130179,"이화여대 3,5,7길 상점가",전통시장,462,588.2367
3130180,포방터시장,전통시장,119,151.5155
3130181,아현가구거리상점가,전통시장,237,301.7578
3130182,영천시장,전통시장,220,280.1127
3130183,상암동상점가,전통시장,443,564.0451
3130184,마포농수산물시장,전통시장,37,47.1099
3130185,망원월드컵시장,전통시장,757,963.8423
3130186,망원시장,전통시장,837,1065.7015
3130187,영진시장,전통시장,718,914.186
3130188,합정시장,전통시장,813,1035.1437
3130189,서교시장,전통시장,1345,1712.5072
3130190,홍대소상공인상점가,전통시장,1381,1758.3438
3130191,홍대 걷고싶은 거리,전통시장,1319,1679.403
3130192,동진시장,전통시장,1088,1385.2846
3130193,신수시장,전통시장,234,297.9381
3130194,용강동 상점가,전통시장,369,469.8254
3130195,도화동 상점가,전통시장,700,891.2677
3130196,공덕시장,전통시장,662,842.8846
3130197,마포시장,전통시장,616,784.3156
3130198,아현시장,전통시장,259,329.769
3130199,신월3동 골목시장,전통시장,133,169.3409
3130200,"신월7동 골목시장(약수시장, 우성상가)",전통시장,105,133.6902
3130201,월정로시장,전통시장,403,513.1155
3130202,신영시장,전통시장,412,524.5747
3130203,서서울 골목형상점가,전통시장,459,584.417
3130204,경창시장,전통시장,302,384.5183
3130205,신곡종합시장(신월6동 골목시장),전통시장,285,362.8733
3130206,신정3동 골목시장,전통시장,302,384.5183
3130207,신정1동 골목시장(신정제일시장),전통시장,427,543.6733
3130208,목동깨비시장(목3동시장),전통시장,393,500.3831
3130209,목사랑시장(목4동시장),전통시장,249,317.0366
3130210,목2동시장,전통시장,249,317.0366
3130211,신정2동 골목시장(오목교중앙시장),전통시장,294,374.3324
3130212,공항시장,전통시장,219,278.8395
3130213,방신전통시장,전통시장,355,452.0
3130214,송화벽화시장(송화골목시장),전통시장,305,388.3381
3130215,대원종합시장,전통시장,418,532.2141
3130216,화곡중앙시장,전통시장,383,487.6507
3130217,화곡본동시장,전통시장,386,491.4705
3130218,신월중앙시장,전통시장,301,383.2451
3130219,까치산시장,전통시장,497,632.8001
3130220,등마루시장,전통시장,313,398.524
3130221,"남부골목시장(남부화곡시장, 남부시장)",전통시장,441,561.4986
3130222,오류시장,전통시장,305,388.3381
3130223,고척근린시장,전통시장,257,327.2226
3130224,개봉프라자(고척근린시장),전통시장,239,304.3043
3130225,개봉중앙시장,전통시장,262,333.5888
3130226,고척프라자,전통시장,232,295.3916
3130227,고척골목시장상점가(그라운드 고척),전통시장,239,304.3043
3130228,구로시장,전통시장,515,655.7184
3130229,남구로시장,전통시장,591,752.4846
3130230,가리봉시장,전통시장,653,831.4254
3130231,독산동 우시장,전통시장,375,477.4648
3130232,독산동 맛나는거리상점가(독산동 맛나는거리),전통시장,530,674.817
3130233,남문시장,전통시장,368,468.5522
3130234,푸른터시장(기능상실),전통시장,347,441.8141
3130235,대명여울빛거리시장(대명시장),전통시장,515,655.7184
3130236,비단길현대시장(현대시장),전통시장,421,536.0338
3130237,박미시장(기능상실),전통시장,63,80.2141
3130238,은행나무시장,전통시장,240,305.5775
3130239,양남시장,전통시장,539,686.2761
3130240,영등포유통상가,전통시장,697,887.448
3130241,선유도역 골목형상점가,전통시장,403,513.1155
3130242,대림중앙 골목형상점가,전통시장,556,707.9212
3130243,도림시장,전통시장,186,236.8226
3130244,대림중앙시장,전통시장,554,705.3747
3130245,영일시장,전통시장,511,650.6254
3130246,영등포청과시장(조광시장),전통시장,604,769.0367
3130247,우리시장,전통시장,215,273.7465
3130248,영등포역지하도상점가,전통시장,465,592.0564
3130249,동남상가,전통시장,950,1209.5776
3130250,삼구시장(로타리상가),전통시장,931,1185.386
3130253,영신상가(제일상가),전통시장,958,1219.7635
3130254,남서울상가,전통시장,926,1179.0198
3130255,영등포전통시장,전통시장,804,1023.6846
3130256,신동시장,전통시장,230,292.8451
3130257,영등포시장기계공구상가,전통시장,659,839.0649
3130258,영진시장A동,전통시장,238,303.031
3130259,대신시장,전통시장,260,331.0423
3130260,신대방1동골목상권,전통시장,262,333.5888
3130261,성대전통시장(성대시장),전통시장,365,464.7324
3130262,상도도깨비 골목형상점가,전통시장,271,345.0479
3130263,신노량진시장(기능상실),전통시장,226,287.7521
3130264,상도약수골목형상점가,전통시장,75,95.493
3130265,노량진중앙시장,전통시장,367,467.2789
3130266,만양로상점가,전통시장,378,481.2845
3130267,본동인정시장(기능상실),전통시장,87,110.7718
3130268,상도전통시장,전통시장,198,252.1014
3130269,강남시장(동작구 강남시장),전통시장,248,315.7634
3130270,흑석시장,전통시장,356,453.2733
3130271,남성역골목시장,전통시장,289,367.9662
3130272,사당시장,전통시장,333,423.9888
3130273,남성사계시장(남성시장),전통시장,599,762.6705
3130274,사당1동먹자골목상점가(사당1동먹자골목),전통시장,879,1119.1776
3130275,강남골목시장,전통시장,549,699.0085
3130276,신림중앙시장(조원동 펭귄시장),전통시장,358,455.8198
3130277,조원동 펭귄시장(신림중앙시장),전통시장,344,437.9944
3130278,미성동 도깨비시장 골목형상점가,전통시장,217,276.293
3130279,관악신사시장,전통시장,340,432.9014
3130280,신림종합시장,전통시장,361,459.6395
3130281,우림시장,전통시장,116,147.6958
3130282,난곡 골목형상점가,전통시장,81,103.1324
3130283,신원시장,전통시장,927,1180.2931
3130284,관악종합시장(신원시장),전통시장,792,1008.4057
3130285,서원동상점가,전통시장,1011,1287.2452
3130286,신신림시장(삼성동시장),전통시장,327,416.3493
3130287,삼성동 시장(삼성동시장),전통시장,345,439.2676
3130288,신림현대종합상가,전통시장,244,310.6704
3130289,봉일시장,전통시장,380,483.831
3130290,영림시장,전통시장,544,692.6423
3130291,봉천제일종합시장,전통시장,540,687.5494
3130292,봉천현대시장,전통시장,257,327.2226
3130293,봉천중앙시장,전통시장,545,693.9156
3130294,관악중부시장,전통시장,483,614.9747
3130295,인헌시장(원당종합시장),전통시장,288,366.693
3130296,남부종합시장,전통시장,282,359.0536
3130301,양재시장,전통시장,488,621.3409
3130302,강남시장(강남구 강남시장),전통시장,828,1054.2423
3130303,영동전통시장,전통시장,843,1073.3409
3130304,신사상가,전통시장,41,52.2028
3130305,논현종합시장,전통시장,571,727.0198
3130306,강남언주로,전통시장,813,1035.1437
3130307,도곡시장,전통시장,313,398.524
3130308,청담삼익시장,전통시장,132,168.0676
3130309,은마종합상점가,전통시장,252,320.8564
3130310,강남개포시장,전통시장,94,119.6845
3130311,새마을시장,전통시장,817,1040.2367
3130312,석촌시장,전통시장,402,511.8423
3130313,방이시장,전통시장,461,586.9634
3130314,풍납시장,전통시장,281,357.7803
3130315,문정동 로데오거리 상점가(문정동 로데오거리),전통시장,464,590.7831
3130316,마천시장,전통시장,302,384.5183
3130317,마천중앙시장,전통시장,295,375.6057
3130318,로데오거리상점가,전통시장,741,943.4705
3130319,성내전통시장,전통시장,419,533.4874
3130320,암사종합시장,전통시장,452,575.5043
3130321,장신구 특화거리 상점가,전통시장,346,440.5409
3130322,고분다리전통시장,전통시장,362,460.9127
3130323,둔촌역전통시장,전통시장,492,626.4339
3130324,길동복조리시장,전통시장,485,617.5212
3130325,명일전통시장,전통시장,387,492.7437
3130326,고덕 골목형상점가,전통시장,147,187.1662
3130327,"평화시장(남평화시장, 제일평화시장, 신평화패션타운)",전통시장,652,830.1522
