indsLclsCd,indsLclsNm,indsMclsCd,indsMclsNm,stdrDt
F1,건설업,F101,건물건설,2023-02-28
F1,건설업,F104,건물설비,2023-02-28
F1,건설업,F108,건설장비운영,2023-02-28
F1,건설업,F103,기반조성·축조,2023-02-28
F1,건설업,F107,시설물 유지,2023-02-28
F1,건설업,F106,실내건축·마무리,2023-02-28
F1,건설업,F105,전기·통신,2023-02-28
F1,건설업,F102,토목건설,2023-02-28
O1,공공 행정·국방,O104,사법 질서,2023-02-28
O1,공공 행정·국방,O105,사회 보장 ,2023-02-28
O1,공공 행정·국방,O102,산업정책,2023-02-28
O1,공공 행정·국방,O103,외무·국방,2023-02-28
O1,공공 행정·국방,O101,일반정부,2023-02-28
M1,과학·기술,M105,광고,2023-02-28
M1,과학·기술,M109,기술 서비스,2023-02-28
M1,과학·기술,M110,기타 과학 서비스,2023-02-28
M1,과학·기술,M108,기타 서비스,2023-02-28
M1,과학·기술,M115,기타 전문 과학,2023-02-28
M1,과학·기술,M103,법무관련 ,2023-02-28
M1,과학·기술,M107,본사·경영 컨설팅,2023-02-28
M1,과학·기술,M113,사진 촬영,2023-02-28
M1,과학·기술,M111,수의,2023-02-28
M1,과학·기술,M106,시장 조사,2023-02-28
M1,과학·기술,M114,인쇄·제품제작,2023-02-28
M1,과학·기술,M101,자연과학연구,2023-02-28
M1,과학·기술,M102,자연과학연구,2023-02-28
M1,과학·기술,M112,전문 디자인,2023-02-28
M1,과학·기술,M104,회계·세무,2023-02-28
B1,광업,B106,기타 비금속,2023-02-28
B1,광업,B104,비철금속,2023-02-28
B1,광업,B101,석탄 광업,2023-02-28
B1,광업,B102,원유·가스 채굴,2023-02-28
B1,광업,B107,지원 서비스,2023-02-28
B1,광업,B103,철,2023-02-28
B1,광업,B105,토사석,2023-02-28
P1,교육,P103,고등 교육,2023-02-28
P1,교육,P107,교육 지원,2023-02-28
P1,교육,P106,기타 교육,2023-02-28
P1,교육,P105,일반 교육,2023-02-28
P1,교육,P102,중등 교육,2023-02-28
P1,교육,P101,초등 교육,2023-02-28
P1,교육,P104,특수·외국인·대안 학교,2023-02-28
U1,국제기관,U101,국제기관,2023-02-28
K1,금융·보험,K107,금융 지원,2023-02-28
K1,금융·보험,K103,기타 금융,2023-02-28
K1,금융·보험,K104,보험,2023-02-28
K1,금융·보험,K105,보험,2023-02-28
K1,금융·보험,K108,보험·연금,2023-02-28
K1,금융·보험,K102,신탁·집합투자,2023-02-28
K1,금융·보험,K106,연금·공제,2023-02-28
K1,금융·보험,K101,은행·저축,2023-02-28
A1,농업·임업·어업,A105,수렵,2023-02-28
A1,농업·임업·어업,A108,양식업,2023-02-28
A1,농업·임업·어업,A107,어업,2023-02-28
A1,농업·임업·어업,A106,임업,2023-02-28
A1,농업·임업·어업,A101,작물재배,2023-02-28
A1,농업·임업·어업,A104,작물재배·축산,2023-02-28
A1,농업·임업·어업,A103,작불재배·복합농업,2023-02-28
A1,농업·임업·어업,A102,축산,2023-02-28
G1,도매업,G109,건축자재·난방 도매,2023-02-28
G1,도매업,G108,기계장비 도매,2023-02-28
G1,도매업,G110,기타 도매,2023-02-28
G1,도매업,G105,농축산 도매,2023-02-28
G1,도매업,G103,모터사이클 도매,2023-02-28
G1,도매업,G111,상품종합 도매,2023-02-28
G1,도매업,G104,상품중계,2023-02-28
G1,도매업,G107,생활용품 도매,2023-02-28
G1,도매업,G106,음식료·담배 도매,2023-02-28
G1,도매업,G102,자동차 부품 도매,2023-02-28
G1,도매업,G101,자동차도매,2023-02-28
Q1,보건의료,Q103,공중 보건,2023-02-28
Q1,보건의료,Q104,기타 보건,2023-02-28
Q1,보건의료,Q101,병원,2023-02-28
Q1,보건의료,Q102,의원,2023-02-28
Q2,복지 서비스,Q201,거주 복지,2023-02-28
Q2,복지 서비스,Q202,비거주 복지,2023-02-28
L1,부동산,L102,부동산 서비스,2023-02-28
L1,부동산,L101,부동산 임대·공급,2023-02-28
G2,소매,G211,가구 소매,2023-02-28
G2,소매,G208,가전·통신 소매,2023-02-28
G2,소매,G221,기타 상품 소매,2023-02-28
G2,소매,G212,기타 생활용품 소매,2023-02-28
G2,소매,G207,담배 소매,2023-02-28
G2,소매,G203,모터사이클 소매,2023-02-28
G2,소매,G223,무점포 소매,2023-02-28
G2,소매,G209,섬유·의복·신발 소매,2023-02-28
G2,소매,G217,시계·귀금속 소매,2023-02-28
G2,소매,G205,식료품 소매,2023-02-28
G2,소매,G219,식물 소매,2023-02-28
G2,소매,G216,안경·정밀기기 소매,2023-02-28
G2,소매,G220,애완동물·용품 소매,2023-02-28
G2,소매,G214,연료 소매,2023-02-28
G2,소매,G213,오락용품 소매,2023-02-28
G2,소매,G206,음료 소매,2023-02-28
G2,소매,G215,의약·화장품 소매,2023-02-28
G2,소매,G202,자동차 부품 소매,2023-02-28
G2,소매,G201,자동차소매,2023-02-28
G2,소매,G218,장식품 소매,2023-02-28
G2,소매,G204,종합 소매,2023-02-28
G2,소매,G222,중고 상품 소매,2023-02-28
G2,소매,G210,철물·건설자재 소매,2023-02-28
E1,수도·하수 처리·원료 재생업,E101,수도,2023-02-28
E1,수도·하수 처리·원료 재생업,E105,원료재생,2023-02-28
E1,수도·하수 처리·원료 재생업,E103,폐기물 수집·운반,2023-02-28
E1,수도·하수 처리·원료 재생업,E104,폐기물 처리,2023-02-28
E1,수도·하수 처리·원료 재생업,E102,하수·분뇨,2023-02-28
E1,수도·하수 처리·원료 재생업,E106,환경 정화·복원,2023-02-28
S2,수리·개인,S205,가전제품 수리,2023-02-28
S2,수리·개인,S206,기타 가정용품 수리,2023-02-28
S2,수리·개인,S211,기타 개인,2023-02-28
S2,수리·개인,S204,모터사이클 수리,2023-02-28
S2,수리·개인,S209,세탁,2023-02-28
S2,수리·개인,S208,욕탕·신체관리,2023-02-28
S2,수리·개인,S207,이용·미용,2023-02-28
S2,수리·개인,S203,자동차 수리·세차,2023-02-28
S2,수리·개인,S210,장례식장 ,2023-02-28
S2,수리·개인,S201,컴퓨터 수리,2023-02-28
S2,수리·개인,S202,통신장비 수리,2023-02-28
I1,숙박,I102,기타 숙박,2023-02-28
I1,숙박,I101,일반 숙박,2023-02-28
N1,시설관리·임대,N110,가정용품 대여,2023-02-28
N1,시설관리·임대,N106,경비·경호,2023-02-28
N1,시설관리·임대,N104,고용 알선,2023-02-28
N1,시설관리·임대,N108,기타 사업 서비스,2023-02-28
N1,시설관리·임대,N112,무형재산 대여,2023-02-28
N1,시설관리·임대,N107,사무 지원,2023-02-28
N1,시설관리·임대,N111,산업용품 대여,2023-02-28
N1,시설관리·임대,N101,시설관리,2023-02-28
N1,시설관리·임대,N105,여행사·보조,2023-02-28
N1,시설관리·임대,N109,운송장비 대여,2023-02-28
N1,시설관리·임대,N103,조경·유지,2023-02-28
N1,시설관리·임대,N102,청소·방제,2023-02-28
R1,예술·스포츠,R102,도서관·사적지,2023-02-28
R1,예술·스포츠,R103,스포츠 서비스,2023-02-28
R1,예술·스포츠,R104,유원지·오락,2023-02-28
R1,예술·스포츠,R101,창작·예술,2023-02-28
H1,운수·창고,H111,기타 운송,2023-02-28
H1,운수·창고,H107,내륙수상·항만 운송,2023-02-28
H1,운수·창고,H103,도로 화물 운송,2023-02-28
H1,운수·창고,H110,보관·창고,2023-02-28
H1,운수·창고,H104,소화물 운송,2023-02-28
H1,운수·창고,H102,육상 여객 운송,2023-02-28
H1,운수·창고,H101,철도 운송,2023-02-28
H1,운수·창고,H105,파이프라인,2023-02-28
H1,운수·창고,H108,항공 여객 운송,2023-02-28
H1,운수·창고,H109,항공 화물 운송,2023-02-28
H1,운수·창고,H106,해상 운송,2023-02-28
I2,음식,I207,구내식당·뷔페,2023-02-28
I2,음식,I210,기타 간이,2023-02-28
I2,음식,I206,기타 외국,2023-02-28
I2,음식,I205,동남아시아,2023-02-28
I2,음식,I212,비알코올 ,2023-02-28
I2,음식,I204,서양식,2023-02-28
I2,음식,I209,이동 음식,2023-02-28
I2,음식,I203,일식,2023-02-28
I2,음식,I211,주점,2023-02-28
I2,음식,I202,중식,2023-02-28
I2,음식,I208,출장 음식,2023-02-28
I2,음식,I201,한식,2023-02-28
T1,자가 생산활동,T101,가구내고용,2023-02-28
T1,자가 생산활동,T102,자가 소비 생산,2023-02-28
T1,자가 생산활동,T103,자가 소비 서비스,2023-02-28
D1,전기·가스·증기 공급,D103,냉온수·공기조절,2023-02-28
D1,전기·가스·증기 공급,D102,연료가스·배관,2023-02-28
D1,전기·가스·증기 공급,D101,전기,2023-02-28
J1,정보통신,J109,기타 정보,2023-02-28
J1,정보통신,J105,방송,2023-02-28
J1,정보통신,J102,소프트웨어,2023-02-28
J1,정보통신,J103,영상·기록물 제작,2023-02-28
J1,정보통신,J104,오디오·출판,2023-02-28
J1,정보통신,J106,우편·통신,2023-02-28
J1,정보통신,J108,자료 처리,2023-02-28
J1,정보통신,J101,출판,2023-02-28
J1,정보통신,J107,프로그래밍,2023-02-28
C1,제조업,C148,1차비철금속,2023-02-28
C1,제조업,C147,1차철강,2023-02-28
C1,제조업,C179,가구,2023-02-28
C1,제조업,C167,가정용기기,2023-02-28
C1,제조업,C121,가죽·가방,2023-02-28
C1,제조업,C141,고무제품,2023-02-28
C1,제조업,C106,곡물·전분,2023-02-28
C1,제조업,C127,골판지·종이상자,2023-02-28
C1,제조업,C103,과실·채소,2023-02-28
C1,제조업,C158,광학매체,2023-02-28
C1,제조업,C150,구조용 금속 등,2023-02-28
C1,제조업,C180,귀금속,2023-02-28
C1,제조업,C149,금속주조,2023-02-28
C1,제조업,C130,기록매체 복제,2023-02-28
C1,제조업,C138,기초의약,2023-02-28
C1,제조업,C133,기초화학,2023-02-28
C1,제조업,C152,기타 금속 가공,2023-02-28
C1,제조업,C146,기타 비금속광물,2023-02-28
C1,제조업,C116,기타 섬유,2023-02-28
C1,제조업,C107,기타 식품,2023-02-28
C1,제조업,C178,기타 운송장비,2023-02-28
C1,제조업,C168,기타 전기장비,2023-02-28
C1,제조업,C184,기타 제품,2023-02-28
C1,제조업,C128,기타 종이,2023-02-28
C1,제조업,C136,기타 화학,2023-02-28
C1,제조업,C124,나무제품,2023-02-28
C1,제조업,C105,낙농 빙과,2023-02-28
C1,제조업,C111,담배,2023-02-28
C1,제조업,C108,동물 사료,2023-02-28
C1,제조업,C104,동식물 유지,2023-02-28
C1,제조업,C118,모피,2023-02-28
C1,제조업,C123,목재가공,2023-02-28
C1,제조업,C151,무기·총포,2023-02-28
C1,제조업,C153,반도체,2023-02-28
C1,제조업,C112,방적·가공,2023-02-28
C1,제조업,C117,봉제의복,2023-02-28
C1,제조업,C135,비료·농약,2023-02-28
C1,제조업,C110,비알코올 음료,2023-02-28
C1,제조업,C161,사진·광학기기,2023-02-28
C1,제조업,C185,산업기계 수리,2023-02-28
C1,제조업,C132,석유정제,2023-02-28
C1,제조업,C175,선박·보트,2023-02-28
C1,제조업,C115,섬유 염색·마무리,2023-02-28
C1,제조업,C102,수산,2023-02-28
C1,제조업,C162,시계·부품,2023-02-28
C1,제조업,C145,시멘트·석회,2023-02-28
C1,제조업,C122,신발·부분품,2023-02-28
C1,제조업,C181,악기,2023-02-28
C1,제조업,C109,알코올 음료,2023-02-28
C1,제조업,C157,영상·음향 기기,2023-02-28
C1,제조업,C144,요업제품,2023-02-28
C1,제조업,C182,운동 용구,2023-02-28
C1,제조업,C143,유리제품,2023-02-28
C1,제조업,C101,육류,2023-02-28
C1,제조업,C159,의료용 기기,2023-02-28
C1,제조업,C140,의료용품,2023-02-28
C1,제조업,C120,의복부속품,2023-02-28
C1,제조업,C139,의약품,2023-02-28
C1,제조업,C129,인쇄 관련,2023-02-28
C1,제조업,C183,인형·장난감·오락,2023-02-28
C1,제조업,C169,일반목적기계,2023-02-28
C1,제조업,C164,일차전지,2023-02-28
C1,제조업,C174,자동차 구부품,2023-02-28
C1,제조업,C173,자동차 신부품,2023-02-28
C1,제조업,C171,자동차·엔진,2023-02-28
C1,제조업,C172,자동차차체,2023-02-28
C1,제조업,C166,전구·조명,2023-02-28
C1,제조업,C163,전동기·발전기 관련,2023-02-28
C1,제조업,C154,전자부품,2023-02-28
C1,제조업,C165,절연선,2023-02-28
C1,제조업,C160,정밀기기,2023-02-28
C1,제조업,C113,직물 직조,2023-02-28
C1,제조업,C176,철도장비,2023-02-28
C1,제조업,C155,컴퓨터 등,2023-02-28
C1,제조업,C125,코르크·조물,2023-02-28
C1,제조업,C131,코크스·연탄,2023-02-28
C1,제조업,C156,통신·방송 장비,2023-02-28
C1,제조업,C170,특수목적기계,2023-02-28
C1,제조업,C126,펄프·종이,2023-02-28
C1,제조업,C114,편조 원단,2023-02-28
C1,제조업,C119,편조의복,2023-02-28
C1,제조업,C142,플라스틱제품,2023-02-28
C1,제조업,C134,합성고무,2023-02-28
C1,제조업,C177,항공기·우주선,2023-02-28
C1,제조업,C137,화학섬유,2023-02-28
S1,협회·단체,S107,기타 협회,2023-02-28
S1,협회·단체,S103,노동 조합,2023-02-28
S1,협회·단체,S101,산업 단체,2023-02-28
S1,협회·단체,S106,시민운동 ,2023-02-28
S1,협회·단체,S102,전문가 단체,2023-02-28
S1,협회·단체,S105,정치 단체,2023-02-28
S1,협회·단체,S104,종교 단체,2023-02-28
