seoul_code,seoul_name,top1_score,top1_code,top1_name,top1_major,top2_score,top2_code,top2_name,top2_major,top3_score,top3_code,top3_name,top3_major
CS100001,한식음식점,1.0,I201,한식 음식점업,음식점업,0.6667,I202,중식 음식점업,음식점업,0.6667,I203,일식 음식점업,음식점업
CS100002,중식음식점,1.0,I202,중식 음식점업,음식점업,0.6667,I201,한식 음식점업,음식점업,0.6667,I203,일식 음식점업,음식점업
CS100003,일식음식점,1.0,I203,일식 음식점업,음식점업,0.6667,I201,한식 음식점업,음식점업,0.6667,I202,중식 음식점업,음식점업
CS100004,양식음식점,0.8,I204,서양식 음식점업,음식점업,0.6667,I201,한식 음식점업,음식점업,0.6667,I202,중식 음식점업,음식점업
CS100005,제과점,0.2222,M114,인쇄 및 제품 제작업,"전문, 과학 및 기술 서비스업",0.2222,M115,"그 외 기타 전문, 과학 및 기술 서비스업","전문, 과학 및 기술 서비스업",0.2222,S205,가전제품 수리업,수리 및 개인 서비스업
CS100006,패스트푸드점,0.2222,R103,스포츠 서비스업,"예술, 스포츠 및 여가관련 서비스업",0.1818,S211,기타 개인서비스,수리 및 개인 서비스업,0.0,G202,자동차 부품 및 내장품 소매업,소매업
CS100007,치킨전문점,0.4,M112,전문 디자인업,"전문, 과학 및 기술 서비스업",0.3636,G221,기타 상품 전문 소매업,소매업,0.3636,M115,"그 외 기타 전문, 과학 및 기술 서비스업","전문, 과학 및 기술 서비스업"
CS100008,분식전문점,0.4,M112,전문 디자인업,"전문, 과학 및 기술 서비스업",0.3636,G221,기타 상품 전문 소매업,소매업,0.3636,M115,"그 외 기타 전문, 과학 및 기술 서비스업","전문, 과학 및 기술 서비스업"
CS100009,호프-간이주점,0.4357,I211,주점업,음식점업,0.4,I210,기타 간이 음식점업,음식점업,0.2,S207,이용 및 미용업,수리 및 개인 서비스업
CS100010,커피-음료,0.5,G206,음료 소매업,소매업,0.4,I212,비알코올 음료점업,음식점업,0.25,G214,연료소매업,소매업
CS200001,일반교습학원,0.5,P105,일반 교육기관,교육 서비스업,0.4,P107,교육 지원 서비스업,교육 서비스업,0.2857,I101,일반 및 생활 숙박시설 운영업,숙박업
CS200002,외국어학원,0.4,I206,기타 외국식 음식점업,음식점업,0.2857,Q101,병원,보건의료업,0.2857,Q102,의원,보건의료업
CS200003,예술학원,0.3333,Q101,병원,보건의료업,0.3333,Q102,의원,보건의료업,0.25,G218,"예술품, 기념품 및 장식용품 소매업",소매업
CS200004,컴퓨터학원,0.4286,S201,컴퓨터 및 주변 기기 수리업,수리 및 개인 서비스업,0.2857,Q101,병원,보건의료업,0.2857,Q102,의원,보건의료업
CS200005,스포츠 강습,0.9,R103,스포츠 서비스업,"예술, 스포츠 및 여가관련 서비스업",0.2,S211,기타 개인서비스,수리 및 개인 서비스업,0.0,G202,자동차 부품 및 내장품 소매업,소매업
CS200006,일반의원,0.8167,Q102,의원,보건의료업,0.4,P105,일반 교육기관,교육 서비스업,0.3333,I101,일반 및 생활 숙박시설 운영업,숙박업
CS200007,치과의원,0.8167,Q102,의원,보건의료업,0.3333,M111,수의업,"전문, 과학 및 기술 서비스업",0.3333,Q101,병원,보건의료업
CS200008,한의원,0.95,Q102,의원,보건의료업,0.4,M111,수의업,"전문, 과학 및 기술 서비스업",0.4,Q101,병원,보건의료업
CS200009,동물병원,0.8167,Q101,병원,보건의료업,0.3333,Q102,의원,보건의료업,0.2667,G220,애완용 동물 및 관련용품 소매업,소매업
CS200010,변호사사무소,0.4,N107,사무 지원 서비스업,"사업시설 관리, 사업 지원 및 임대 서비스업",0.2857,M106,시장 조사 및 여론 조사업,"전문, 과학 및 기술 서비스업",0.2667,G203,모터사이클 및 부품 소매업,소매업
CS200011,변리사사무소,0.4,N107,사무 지원 서비스업,"사업시설 관리, 사업 지원 및 임대 서비스업",0.2857,M106,시장 조사 및 여론 조사업,"전문, 과학 및 기술 서비스업",0.2667,G203,모터사이클 및 부품 소매업,소매업
CS200012,법무사사무소,0.4,M103,법무관련 서비스업,"전문, 과학 및 기술 서비스업",0.4,N107,사무 지원 서비스업,"사업시설 관리, 사업 지원 및 임대 서비스업",0.2857,M106,시장 조사 및 여론 조사업,"전문, 과학 및 기술 서비스업"
CS200013,기타법무서비스,0.6,S211,기타 개인서비스,수리 및 개인 서비스업,0.4444,M103,법무관련 서비스업,"전문, 과학 및 기술 서비스업",0.25,R103,스포츠 서비스업,"예술, 스포츠 및 여가관련 서비스업"
CS200014,회계사사무소,0.5,M104,회계 및 세무관련 서비스업,"전문, 과학 및 기술 서비스업",0.4,N107,사무 지원 서비스업,"사업시설 관리, 사업 지원 및 임대 서비스업",0.3077,G217,시계 및 귀금속 소매업,소매업
CS200015,세무사사무소,0.4,N107,사무 지원 서비스업,"사업시설 관리, 사업 지원 및 임대 서비스업",0.3333,M104,회계 및 세무관련 서비스업,"전문, 과학 및 기술 서비스업",0.2857,M106,시장 조사 및 여론 조사업,"전문, 과학 및 기술 서비스업"
CS200016,당구장,0.2857,G211,가구 소매업,소매업,0.2222,I207,구내식당 및 뷔페,음식점업,0.2222,N109,운송장비 대여업,"사업시설 관리, 사업 지원 및 임대 서비스업"
CS200017,골프연습장,0.2222,G214,연료소매업,소매업,0.1818,N109,운송장비 대여업,"사업시설 관리, 사업 지원 및 임대 서비스업",0.1818,S202,통신장비 수리업,수리 및 개인 서비스업
CS200018,볼링장,0.2222,N109,운송장비 대여업,"사업시설 관리, 사업 지원 및 임대 서비스업",0.2222,S202,통신장비 수리업,수리 및 개인 서비스업,0.2222,S210,장례식장 및 관련 서비스업,수리 및 개인 서비스업
CS200019,PC방,0.1538,N102,건물ㆍ산업설비 청소 및 방제 서비스업,"사업시설 관리, 사업 지원 및 임대 서비스업",0.1053,G215,"의약품, 의료용 기구, 화장품 및 방향제 소매업",소매업,0.0,G202,자동차 부품 및 내장품 소매업,소매업
CS200020,전자게임장,0.4,M112,전문 디자인업,"전문, 과학 및 기술 서비스업",0.2667,G202,자동차 부품 및 내장품 소매업,소매업,0.2353,G208,가전제품 및 정보 통신장비 소매업,소매업
CS200021,기타오락장,0.4,R104,유원지 및 기타 오락관련 서비스업,"예술, 스포츠 및 여가관련 서비스업",0.3077,G213,"문화, 오락 및 여가 용품 소매업",소매업,0.2222,N109,운송장비 대여업,"사업시설 관리, 사업 지원 및 임대 서비스업"
CS200022,복권방,0.1538,N102,건물ㆍ산업설비 청소 및 방제 서비스업,"사업시설 관리, 사업 지원 및 임대 서비스업",0.1333,G209,"섬유, 의복, 신발 및 가죽제품 소매업",소매업,0.1053,G215,"의약품, 의료용 기구, 화장품 및 방향제 소매업",소매업
CS200023,통신기기수리,0.6667,S202,통신장비 수리업,수리 및 개인 서비스업,0.5333,S201,컴퓨터 및 주변 기기 수리업,수리 및 개인 서비스업,0.3333,S205,가전제품 수리업,수리 및 개인 서비스업
CS200024,스포츠클럽,0.9,R103,스포츠 서비스업,"예술, 스포츠 및 여가관련 서비스업",0.2,S211,기타 개인서비스,수리 및 개인 서비스업,0.1667,S204,모터사이클 수리업,수리 및 개인 서비스업
CS200025,자동차수리,0.9833,S203,자동차 수리 및 세차업,수리 및 개인 서비스업,0.4,G202,자동차 부품 및 내장품 소매업,소매업,0.3636,S202,통신장비 수리업,수리 및 개인 서비스업
CS200026,자동차미용,0.5,S203,자동차 수리 및 세차업,수리 및 개인 서비스업,0.4444,S207,이용 및 미용업,수리 및 개인 서비스업,0.4,G202,자동차 부품 및 내장품 소매업,소매업
CS200027,모터사이클수리,1.0,S204,모터사이클 수리업,수리 및 개인 서비스업,0.625,G203,모터사이클 및 부품 소매업,소매업,0.375,S201,컴퓨터 및 주변 기기 수리업,수리 및 개인 서비스업
CS200028,미용실,0.5714,S207,이용 및 미용업,수리 및 개인 서비스업,0.2222,G212,기타 생활용품 소매업,소매업,0.1818,N104,고용 알선 및 인력 공급업,"사업시설 관리, 사업 지원 및 임대 서비스업"
CS200029,네일숍,0.2857,I203,일식 음식점업,음식점업,0.2222,P105,일반 교육기관,교육 서비스업,0.1818,I101,일반 및 생활 숙박시설 운영업,숙박업
CS200030,피부관리실,0.4,L102,부동산관련 서비스업,부동산업,0.3636,N103,조경관리 및 유지 서비스업,"사업시설 관리, 사업 지원 및 임대 서비스업",0.3077,N101,사업시설 유지ㆍ관리 서비스업,"사업시설 관리, 사업 지원 및 임대 서비스업"
CS200031,세탁소,0.95,S209,세탁업,수리 및 개인 서비스업,0.2857,G204,종합 소매업,소매업,0.2857,G206,음료 소매업,소매업
CS200032,가전제품수리,1.0,S205,가전제품 수리업,수리 및 개인 서비스업,0.5714,S206,기타 개인 및 가정용품 수리업,수리 및 개인 서비스업,0.4444,G208,가전제품 및 정보 통신장비 소매업,소매업
CS200033,부동산중개업,0.6,L102,부동산관련 서비스업,부동산업,0.2222,I202,중식 음식점업,음식점업,0.2,S211,기타 개인서비스,수리 및 개인 서비스업
CS200034,여관,0.3333,M103,법무관련 서비스업,"전문, 과학 및 기술 서비스업",0.3333,P106,기타 교육기관,교육 서비스업,0.2857,L102,부동산관련 서비스업,부동산업
CS200035,게스트하우스,0.2222,R103,스포츠 서비스업,"예술, 스포츠 및 여가관련 서비스업",0.1818,S211,기타 개인서비스,수리 및 개인 서비스업,0.0,G202,자동차 부품 및 내장품 소매업,소매업
CS200036,고시원,0.4,M105,광고업,"전문, 과학 및 기술 서비스업",0.4,Q101,병원,보건의료업,0.4,Q102,의원,보건의료업
CS200037,노래방,0.1538,N102,건물ㆍ산업설비 청소 및 방제 서비스업,"사업시설 관리, 사업 지원 및 임대 서비스업",0.1053,G215,"의약품, 의료용 기구, 화장품 및 방향제 소매업",소매업,0.0,G202,자동차 부품 및 내장품 소매업,소매업
CS200038,독서실,0.25,I204,서양식 음식점업,음식점업,0.25,S211,기타 개인서비스,수리 및 개인 서비스업,0.1333,R102,"도서관, 사적지 및 유사 여가관련 서비스업","예술, 스포츠 및 여가관련 서비스업"
CS200039,DVD방,0.1429,N102,건물ㆍ산업설비 청소 및 방제 서비스업,"사업시설 관리, 사업 지원 및 임대 서비스업",0.1,G215,"의약품, 의료용 기구, 화장품 및 방향제 소매업",소매업,0.0,G202,자동차 부품 및 내장품 소매업,소매업
CS200040,녹음실,0.2857,G206,음료 소매업,소매업,0.2857,I201,한식 음식점업,음식점업,0.2857,I202,중식 음식점업,음식점업
CS200041,사진관,0.4444,M113,사진 촬영 및 처리업,"전문, 과학 및 기술 서비스업",0.3636,N101,사업시설 유지ㆍ관리 서비스업,"사업시설 관리, 사업 지원 및 임대 서비스업",0.3333,S208,"욕탕, 마사지 및 기타 신체 관리 서비스업",수리 및 개인 서비스업
CS200042,통번역서비스,0.5455,S211,기타 개인서비스,수리 및 개인 서비스업,0.3333,S202,통신장비 수리업,수리 및 개인 서비스업,0.2222,G208,가전제품 및 정보 통신장비 소매업,소매업
CS200043,건축물청소,0.5333,N102,건물ㆍ산업설비 청소 및 방제 서비스업,"사업시설 관리, 사업 지원 및 임대 서비스업",0.3636,G219,화초 및 식물 소매업,소매업,0.2857,Q104,기타 보건업,보건의료업
CS200044,여행사,0.75,N105,여행사 및 기타 여행 보조 서비스업,"사업시설 관리, 사업 지원 및 임대 서비스업",0.2857,N107,사무 지원 서비스업,"사업시설 관리, 사업 지원 및 임대 서비스업",0.2857,N108,기타 사업 지원 서비스업,"사업시설 관리, 사업 지원 및 임대 서비스업"
CS200045,비디오/서적임대,0.3077,N109,운송장비 대여업,"사업시설 관리, 사업 지원 및 임대 서비스업",0.25,N111,산업용 기계 및 장비 대여업,"사업시설 관리, 사업 지원 및 임대 서비스업",0.2105,R102,"도서관, 사적지 및 유사 여가관련 서비스업","예술, 스포츠 및 여가관련 서비스업"
CS200046,의류임대,0.3333,M111,수의업,"전문, 과학 및 기술 서비스업",0.3333,Q102,의원,보건의료업,0.2,N109,운송장비 대여업,"사업시설 관리, 사업 지원 및 임대 서비스업"
CS200047,가정용품임대,0.7143,N110,개인 및 가정용품 대여업,"사업시설 관리, 사업 지원 및 임대 서비스업",0.5714,S206,기타 개인 및 가정용품 수리업,수리 및 개인 서비스업,0.375,G213,"문화, 오락 및 여가 용품 소매업",소매업
CS300001,슈퍼마켓,0.1538,S208,"욕탕, 마사지 및 기타 신체 관리 서비스업",수리 및 개인 서비스업,0.0,G202,자동차 부품 및 내장품 소매업,소매업,0.0,G203,모터사이클 및 부품 소매업,소매업
CS300002,편의점,0.4,M111,수의업,"전문, 과학 및 기술 서비스업",0.4,Q102,의원,보건의료업,0.1333,G209,"섬유, 의복, 신발 및 가죽제품 소매업",소매업
CS300003,컴퓨터및주변장치판매,0.5556,S201,컴퓨터 및 주변 기기 수리업,수리 및 개인 서비스업,0.35,I211,주점업,음식점업,0.2222,G203,모터사이클 및 부품 소매업,소매업
CS300004,핸드폰,0.0,G202,자동차 부품 및 내장품 소매업,소매업,0.0,G203,모터사이클 및 부품 소매업,소매업,0.0,G204,종합 소매업,소매업
CS300005,주류도매,0.55,I211,주점업,음식점업,0.25,G204,종합 소매업,소매업,0.25,G206,음료 소매업,소매업
CS300006,미곡판매,0.25,G204,종합 소매업,소매업,0.25,G206,음료 소매업,소매업,0.25,G207,담배 소매업,소매업
CS300007,육류판매,0.25,G204,종합 소매업,소매업,0.25,G206,음료 소매업,소매업,0.25,G207,담배 소매업,소매업
CS300008,수산물판매,0.3636,G219,화초 및 식물 소매업,소매업,0.2857,M111,수의업,"전문, 과학 및 기술 서비스업",0.25,G220,애완용 동물 및 관련용품 소매업,소매업
CS300009,청과상,0.2222,G221,기타 상품 전문 소매업,소매업,0.2222,G222,중고 상품 소매업,소매업,0.2222,M115,"그 외 기타 전문, 과학 및 기술 서비스업","전문, 과학 및 기술 서비스업"
CS300010,반찬가게,0.25,G211,가구 소매업,소매업,0.2,P105,일반 교육기관,교육 서비스업,0.2,S205,가전제품 수리업,수리 및 개인 서비스업
CS300011,일반의류,0.4,P105,일반 교육기관,교육 서비스업,0.3333,I101,일반 및 생활 숙박시설 운영업,숙박업,0.3333,M111,수의업,"전문, 과학 및 기술 서비스업"
CS300012,한복점,0.2857,I201,한식 음식점업,음식점업,0.1333,G209,"섬유, 의복, 신발 및 가죽제품 소매업",소매업,0.0,G202,자동차 부품 및 내장품 소매업,소매업
CS300013,유아의류,0.3333,M111,수의업,"전문, 과학 및 기술 서비스업",0.3333,Q102,의원,보건의료업,0.25,G209,"섬유, 의복, 신발 및 가죽제품 소매업",소매업
CS300014,신발,0.4357,G209,"섬유, 의복, 신발 및 가죽제품 소매업",소매업,0.25,S202,통신장비 수리업,수리 및 개인 서비스업,0.1818,S208,"욕탕, 마사지 및 기타 신체 관리 서비스업",수리 및 개인 서비스업
CS300015,가방,0.3333,G211,가구 소매업,소매업,0.25,S205,가전제품 수리업,수리 및 개인 서비스업,0.2,N110,개인 및 가정용품 대여업,"사업시설 관리, 사업 지원 및 임대 서비스업"
CS300016,안경,0.3605,G216,"사무용 기기, 안경, 사진장비 및 정밀기기 소매업",소매업,0.25,N103,조경관리 및 유지 서비스업,"사업시설 관리, 사업 지원 및 임대 서비스업",0.1818,M107,회사 본부 및 경영 컨설팅 서비스업,"전문, 과학 및 기술 서비스업"
CS300017,시계및귀금속,0.9833,G217,시계 및 귀금속 소매업,소매업,0.1818,M104,회계 및 세무관련 서비스업,"전문, 과학 및 기술 서비스업",0.1667,I205,동남아시아 음식점업,음식점업
CS300018,의약품,0.4658,G215,"의약품, 의료용 기구, 화장품 및 방향제 소매업",소매업,0.4,M111,수의업,"전문, 과학 및 기술 서비스업",0.4,Q102,의원,보건의료업
CS300019,의료기기,0.3333,M111,수의업,"전문, 과학 및 기술 서비스업",0.3333,Q102,의원,보건의료업,0.3077,S201,컴퓨터 및 주변 기기 수리업,수리 및 개인 서비스업
CS300020,서적,0.2857,I204,서양식 음식점업,음식점업,0.2857,R102,"도서관, 사적지 및 유사 여가관련 서비스업","예술, 스포츠 및 여가관련 서비스업",0.2857,S211,기타 개인서비스,수리 및 개인 서비스업
CS300021,문구,0.3333,G211,가구 소매업,소매업,0.2857,M112,전문 디자인업,"전문, 과학 및 기술 서비스업",0.25,G221,기타 상품 전문 소매업,소매업
CS300022,화장품,0.4658,G215,"의약품, 의료용 기구, 화장품 및 방향제 소매업",소매업,0.3077,G202,자동차 부품 및 내장품 소매업,소매업,0.3077,G213,"문화, 오락 및 여가 용품 소매업",소매업
CS300023,미용재료,0.5,S207,이용 및 미용업,수리 및 개인 서비스업,0.25,G206,음료 소매업,소매업,0.25,G214,연료소매업,소매업
CS300024,운동/경기용품,0.3529,G220,애완용 동물 및 관련용품 소매업,소매업,0.3333,G212,기타 생활용품 소매업,소매업,0.3333,G218,"예술품, 기념품 및 장식용품 소매업",소매업
CS300025,자전거 및 기타운송장비,0.6154,N109,운송장비 대여업,"사업시설 관리, 사업 지원 및 임대 서비스업",0.3158,G208,가전제품 및 정보 통신장비 소매업,소매업,0.3077,S202,통신장비 수리업,수리 및 개인 서비스업
CS300026,완구,0.3333,G211,가구 소매업,소매업,0.25,I207,구내식당 및 뷔페,음식점업,0.1538,G220,애완용 동물 및 관련용품 소매업,소매업
CS300027,섬유제품,0.5,G209,"섬유, 의복, 신발 및 가죽제품 소매업",소매업,0.4,M114,인쇄 및 제품 제작업,"전문, 과학 및 기술 서비스업",0.4,S205,가전제품 수리업,수리 및 개인 서비스업
CS300028,화초,0.65,G219,화초 및 식물 소매업,소매업,0.1667,G213,"문화, 오락 및 여가 용품 소매업",소매업,0.1111,G215,"의약품, 의료용 기구, 화장품 및 방향제 소매업",소매업
CS300029,애완동물,0.5333,G220,애완용 동물 및 관련용품 소매업,소매업,0.2222,L102,부동산관련 서비스업,부동산업,0.2,G219,화초 및 식물 소매업,소매업
CS300030,중고가구,0.5,G211,가구 소매업,소매업,0.4,G222,중고 상품 소매업,소매업,0.3333,M105,광고업,"전문, 과학 및 기술 서비스업"
CS300031,가구,0.8167,G211,가구 소매업,소매업,0.25,I207,구내식당 및 뷔페,음식점업,0.25,S205,가전제품 수리업,수리 및 개인 서비스업
CS300032,가전제품,0.95,S205,가전제품 수리업,수리 및 개인 서비스업,0.65,G208,가전제품 및 정보 통신장비 소매업,소매업,0.4,M114,인쇄 및 제품 제작업,"전문, 과학 및 기술 서비스업"
CS300033,철물점,0.2667,G210,"철물, 공구, 창호 및 건설자재 소매업",소매업,0.2222,G219,화초 및 식물 소매업,소매업,0.1538,N102,건물ㆍ산업설비 청소 및 방제 서비스업,"사업시설 관리, 사업 지원 및 임대 서비스업"
CS300034,악기,0.3333,P106,기타 교육기관,교육 서비스업,0.25,M115,"그 외 기타 전문, 과학 및 기술 서비스업","전문, 과학 및 기술 서비스업",0.25,P105,일반 교육기관,교육 서비스업
CS300035,인테리어,0.3333,S206,기타 개인 및 가정용품 수리업,수리 및 개인 서비스업,0.2222,M112,전문 디자인업,"전문, 과학 및 기술 서비스업",0.2222,S211,기타 개인서비스,수리 및 개인 서비스업
CS300036,조명용품,0.4,G212,기타 생활용품 소매업,소매업,0.3333,N110,개인 및 가정용품 대여업,"사업시설 관리, 사업 지원 및 임대 서비스업",0.3333,S206,기타 개인 및 가정용품 수리업,수리 및 개인 서비스업
CS300037,중고차판매,0.5455,G222,중고 상품 소매업,소매업,0.2857,M105,광고업,"전문, 과학 및 기술 서비스업",0.2667,G202,자동차 부품 및 내장품 소매업,소매업
CS300038,자동차부품,0.8167,G202,자동차 부품 및 내장품 소매업,소매업,0.5,S203,자동차 수리 및 세차업,수리 및 개인 서비스업,0.2857,G203,모터사이클 및 부품 소매업,소매업
CS300039,모터사이클및부품,1.0,G203,모터사이클 및 부품 소매업,소매업,0.7143,S204,모터사이클 수리업,수리 및 개인 서비스업,0.25,M107,회사 본부 및 경영 컨설팅 서비스업,"전문, 과학 및 기술 서비스업"
CS300040,재생용품 판매점,0.6154,G212,기타 생활용품 소매업,소매업,0.3529,G213,"문화, 오락 및 여가 용품 소매업",소매업,0.3333,G205,식료품 소매업,소매업
CS300041,예술품,0.55,G218,"예술품, 기념품 및 장식용품 소매업",소매업,0.25,G205,식료품 소매업,소매업,0.2222,G212,기타 생활용품 소매업,소매업
CS300042,주유소,0.65,I211,주점업,음식점업,0.2857,G204,종합 소매업,소매업,0.2857,G206,음료 소매업,소매업
CS300043,전자상거래업,0.4,M112,전문 디자인업,"전문, 과학 및 기술 서비스업",0.1818,G221,기타 상품 전문 소매업,소매업,0.1818,G222,중고 상품 소매업,소매업
