sbiz_code,sbiz_major,sbiz_name,seoul_code,seoul_name,score,rank
I201,음식점업,한식 음식점업,CS100001,한식음식점,1.0,1
I202,음식점업,중식 음식점업,CS100001,한식음식점,0.6667,2
I203,음식점업,일식 음식점업,CS100001,한식음식점,0.6667,3
I204,음식점업,서양식 음식점업,CS100001,한식음식점,0.6,4
I206,음식점업,기타 외국식 음식점업,CS100001,한식음식점,0.6,5
I202,음식점업,중식 음식점업,CS100002,중식음식점,1.0,1
I201,음식점업,한식 음식점업,CS100002,중식음식점,0.6667,2
I203,음식점업,일식 음식점업,CS100002,중식음식점,0.6667,3
I204,음식점업,서양식 음식점업,CS100002,중식음식점,0.6,4
I206,음식점업,기타 외국식 음식점업,CS100002,중식음식점,0.6,5
I203,음식점업,일식 음식점업,CS100003,일식음식점,1.0,1
I201,음식점업,한식 음식점업,CS100003,일식음식점,0.6667,2
I202,음식점업,중식 음식점업,CS100003,일식음식점,0.6667,3
I204,음식점업,서양식 음식점업,CS100003,일식음식점,0.6,4
I206,음식점업,기타 외국식 음식점업,CS100003,일식음식점,0.6,5
I204,음식점업,서양식 음식점업,CS100004,양식음식점,0.8,1
I201,음식점업,한식 음식점업,CS100004,양식음식점,0.6667,2
I202,음식점업,중식 음식점업,CS100004,양식음식점,0.6667,3
I203,음식점업,일식 음식점업,CS100004,양식음식점,0.6667,4
I206,음식점업,기타 외국식 음식점업,CS100004,양식음식점,0.6,5
M114,"전문, 과학 및 기술 서비스업",인쇄 및 제품 제작업,CS100005,제과점,0.2222,1
M115,"전문, 과학 및 기술 서비스업","그 외 기타 전문, 과학 및 기술 서비스업",CS100005,제과점,0.2222,2
S205,수리 및 개인 서비스업,가전제품 수리업,CS100005,제과점,0.2222,3
N102,"사업시설 관리, 사업 지원 및 임대 서비스업",건물ㆍ산업설비 청소 및 방제 서비스업,CS100005,제과점,0.1538,4
G208,소매업,가전제품 및 정보 통신장비 소매업,CS100005,제과점,0.1333,5
R103,"예술, 스포츠 및 여가관련 서비스업",스포츠 서비스업,CS100006,패스트푸드점,0.2222,1
S211,수리 및 개인 서비스업,기타 개인서비스,CS100006,패스트푸드점,0.1818,2
G202,소매업,자동차 부품 및 내장품 소매업,CS100006,패스트푸드점,0.0,3
G203,소매업,모터사이클 및 부품 소매업,CS100006,패스트푸드점,0.0,4
G204,소매업,종합 소매업,CS100006,패스트푸드점,0.0,5
M112,"전문, 과학 및 기술 서비스업",전문 디자인업,CS100007,치킨전문점,0.4,1
G221,소매업,기타 상품 전문 소매업,CS100007,치킨전문점,0.3636,2
M115,"전문, 과학 및 기술 서비스업","그 외 기타 전문, 과학 및 기술 서비스업",CS100007,치킨전문점,0.3636,3
S205,수리 및 개인 서비스업,가전제품 수리업,CS100007,치킨전문점,0.1818,4
G213,소매업,"문화, 오락 및 여가 용품 소매업",CS100007,치킨전문점,0.1333,5
M112,"전문, 과학 및 기술 서비스업",전문 디자인업,CS100008,분식전문점,0.4,1
G221,소매업,기타 상품 전문 소매업,CS100008,분식전문점,0.3636,2
M115,"전문, 과학 및 기술 서비스업","그 외 기타 전문, 과학 및 기술 서비스업",CS100008,분식전문점,0.3636,3
I201,음식점업,한식 음식점업,CS100008,분식전문점,0.2222,4
I202,음식점업,중식 음식점업,CS100008,분식전문점,0.2222,5
I211,음식점업,주점업,CS100009,호프-간이주점,0.4357,1
I210,음식점업,기타 간이 음식점업,CS100009,호프-간이주점,0.4,2
S207,수리 및 개인 서비스업,이용 및 미용업,CS100009,호프-간이주점,0.2,3
S204,수리 및 개인 서비스업,모터사이클 수리업,CS100009,호프-간이주점,0.1538,4
G203,소매업,모터사이클 및 부품 소매업,CS100009,호프-간이주점,0.1333,5
G206,소매업,음료 소매업,CS100010,커피-음료,0.5,1
I212,음식점업,비알코올 음료점업,CS100010,커피-음료,0.4,2
G214,소매업,연료소매업,CS100010,커피-음료,0.25,3
I201,음식점업,한식 음식점업,CS100010,커피-음료,0.25,4
I202,음식점업,중식 음식점업,CS100010,커피-음료,0.25,5
P105,교육 서비스업,일반 교육기관,CS200001,일반교습학원,0.5,1
P107,교육 서비스업,교육 지원 서비스업,CS200001,일반교습학원,0.4,2
I101,숙박업,일반 및 생활 숙박시설 운영업,CS200001,일반교습학원,0.2857,3
Q101,보건의료업,병원,CS200001,일반교습학원,0.25,4
Q102,보건의료업,의원,CS200001,일반교습학원,0.25,5
I206,음식점업,기타 외국식 음식점업,CS200002,외국어학원,0.4,1
Q101,보건의료업,병원,CS200002,외국어학원,0.2857,2
Q102,보건의료업,의원,CS200002,외국어학원,0.2857,3
N107,"사업시설 관리, 사업 지원 및 임대 서비스업",사무 지원 서비스업,CS200002,외국어학원,0.2222,4
N108,"사업시설 관리, 사업 지원 및 임대 서비스업",기타 사업 지원 서비스업,CS200002,외국어학원,0.2222,5
Q101,보건의료업,병원,CS200003,예술학원,0.3333,1
Q102,보건의료업,의원,CS200003,예술학원,0.3333,2
G218,소매업,"예술품, 기념품 및 장식용품 소매업",CS200003,예술학원,0.25,3
N107,"사업시설 관리, 사업 지원 및 임대 서비스업",사무 지원 서비스업,CS200003,예술학원,0.25,4
N108,"사업시설 관리, 사업 지원 및 임대 서비스업",기타 사업 지원 서비스업,CS200003,예술학원,0.25,5
S201,수리 및 개인 서비스업,컴퓨터 및 주변 기기 수리업,CS200004,컴퓨터학원,0.4286,1
Q101,보건의료업,병원,CS200004,컴퓨터학원,0.2857,2
Q102,보건의료업,의원,CS200004,컴퓨터학원,0.2857,3
N107,"사업시설 관리, 사업 지원 및 임대 서비스업",사무 지원 서비스업,CS200004,컴퓨터학원,0.2222,4
N108,"사업시설 관리, 사업 지원 및 임대 서비스업",기타 사업 지원 서비스업,CS200004,컴퓨터학원,0.2222,5
R103,"예술, 스포츠 및 여가관련 서비스업",스포츠 서비스업,CS200005,스포츠 강습,0.9,1
S211,수리 및 개인 서비스업,기타 개인서비스,CS200005,스포츠 강습,0.2,2
G202,소매업,자동차 부품 및 내장품 소매업,CS200005,스포츠 강습,0.0,3
G203,소매업,모터사이클 및 부품 소매업,CS200005,스포츠 강습,0.0,4
G204,소매업,종합 소매업,CS200005,스포츠 강습,0.0,5
Q102,보건의료업,의원,CS200006,일반의원,0.8167,1
P105,교육 서비스업,일반 교육기관,CS200006,일반의원,0.4,2
I101,숙박업,일반 및 생활 숙박시설 운영업,CS200006,일반의원,0.3333,3
M111,"전문, 과학 및 기술 서비스업",수의업,CS200006,일반의원,0.3333,4
Q101,보건의료업,병원,CS200006,일반의원,0.3333,5
Q102,보건의료업,의원,CS200007,치과의원,0.8167,1
M111,"전문, 과학 및 기술 서비스업",수의업,CS200007,치과의원,0.3333,2
Q101,보건의료업,병원,CS200007,치과의원,0.3333,3
N107,"사업시설 관리, 사업 지원 및 임대 서비스업",사무 지원 서비스업,CS200007,치과의원,0.25,4
N108,"사업시설 관리, 사업 지원 및 임대 서비스업",기타 사업 지원 서비스업,CS200007,치과의원,0.25,5
Q102,보건의료업,의원,CS200008,한의원,0.95,1
M111,"전문, 과학 및 기술 서비스업",수의업,CS200008,한의원,0.4,2
Q101,보건의료업,병원,CS200008,한의원,0.4,3
I201,음식점업,한식 음식점업,CS200008,한의원,0.2857,4
N107,"사업시설 관리, 사업 지원 및 임대 서비스업",사무 지원 서비스업,CS200008,한의원,0.2857,5
Q101,보건의료업,병원,CS200009,동물병원,0.8167,1
Q102,보건의료업,의원,CS200009,동물병원,0.3333,2
G220,소매업,애완용 동물 및 관련용품 소매업,CS200009,동물병원,0.2667,3
N107,"사업시설 관리, 사업 지원 및 임대 서비스업",사무 지원 서비스업,CS200009,동물병원,0.25,4
N108,"사업시설 관리, 사업 지원 및 임대 서비스업",기타 사업 지원 서비스업,CS200009,동물병원,0.25,5
N107,"사업시설 관리, 사업 지원 및 임대 서비스업",사무 지원 서비스업,CS200010,변호사사무소,0.4,1
M106,"전문, 과학 및 기술 서비스업",시장 조사 및 여론 조사업,CS200010,변호사사무소,0.2857,2
G203,소매업,모터사이클 및 부품 소매업,CS200010,변호사사무소,0.2667,3
G216,소매업,"사무용 기기, 안경, 사진장비 및 정밀기기 소매업",CS200010,변호사사무소,0.2609,4
G210,소매업,"철물, 공구, 창호 및 건설자재 소매업",CS200010,변호사사무소,0.2222,5
N107,"사업시설 관리, 사업 지원 및 임대 서비스업",사무 지원 서비스업,CS200011,변리사사무소,0.4,1
M106,"전문, 과학 및 기술 서비스업",시장 조사 및 여론 조사업,CS200011,변리사사무소,0.2857,2
G203,소매업,모터사이클 및 부품 소매업,CS200011,변리사사무소,0.2667,3
S201,수리 및 개인 서비스업,컴퓨터 및 주변 기기 수리업,CS200011,변리사사무소,0.2667,4
G216,소매업,"사무용 기기, 안경, 사진장비 및 정밀기기 소매업",CS200011,변리사사무소,0.2609,5
M103,"전문, 과학 및 기술 서비스업",법무관련 서비스업,CS200012,법무사사무소,0.4,1
N107,"사업시설 관리, 사업 지원 및 임대 서비스업",사무 지원 서비스업,CS200012,법무사사무소,0.4,2
M106,"전문, 과학 및 기술 서비스업",시장 조사 및 여론 조사업,CS200012,법무사사무소,0.2857,3
G203,소매업,모터사이클 및 부품 소매업,CS200012,법무사사무소,0.2667,4
G216,소매업,"사무용 기기, 안경, 사진장비 및 정밀기기 소매업",CS200012,법무사사무소,0.2609,5
S211,수리 및 개인 서비스업,기타 개인서비스,CS200013,기타법무서비스,0.6,1
M103,"전문, 과학 및 기술 서비스업",법무관련 서비스업,CS200013,기타법무서비스,0.4444,2
R103,"예술, 스포츠 및 여가관련 서비스업",스포츠 서비스업,CS200013,기타법무서비스,0.25,3
N107,"사업시설 관리, 사업 지원 및 임대 서비스업",사무 지원 서비스업,CS200013,기타법무서비스,0.2222,4
I204,음식점업,서양식 음식점업,CS200013,기타법무서비스,0.2,5
M104,"전문, 과학 및 기술 서비스업",회계 및 세무관련 서비스업,CS200014,회계사사무소,0.5,1
N107,"사업시설 관리, 사업 지원 및 임대 서비스업",사무 지원 서비스업,CS200014,회계사사무소,0.4,2
G217,소매업,시계 및 귀금속 소매업,CS200014,회계사사무소,0.3077,3
M106,"전문, 과학 및 기술 서비스업",시장 조사 및 여론 조사업,CS200014,회계사사무소,0.2857,4
G203,소매업,모터사이클 및 부품 소매업,CS200014,회계사사무소,0.2667,5
N107,"사업시설 관리, 사업 지원 및 임대 서비스업",사무 지원 서비스업,CS200015,세무사사무소,0.4,1
M104,"전문, 과학 및 기술 서비스업",회계 및 세무관련 서비스업,CS200015,세무사사무소,0.3333,2
M106,"전문, 과학 및 기술 서비스업",시장 조사 및 여론 조사업,CS200015,세무사사무소,0.2857,3
G203,소매업,모터사이클 및 부품 소매업,CS200015,세무사사무소,0.2667,4
G216,소매업,"사무용 기기, 안경, 사진장비 및 정밀기기 소매업",CS200015,세무사사무소,0.2609,5
G211,소매업,가구 소매업,CS200016,당구장,0.2857,1
I207,음식점업,구내식당 및 뷔페,CS200016,당구장,0.2222,2
N109,"사업시설 관리, 사업 지원 및 임대 서비스업",운송장비 대여업,CS200016,당구장,0.2222,3
S202,수리 및 개인 서비스업,통신장비 수리업,CS200016,당구장,0.2222,4
S210,수리 및 개인 서비스업,장례식장 및 관련 서비스업,CS200016,당구장,0.2222,5
G214,소매업,연료소매업,CS200017,골프연습장,0.2222,1
N109,"사업시설 관리, 사업 지원 및 임대 서비스업",운송장비 대여업,CS200017,골프연습장,0.1818,2
S202,수리 및 개인 서비스업,통신장비 수리업,CS200017,골프연습장,0.1818,3
S210,수리 및 개인 서비스업,장례식장 및 관련 서비스업,CS200017,골프연습장,0.1818,4
M106,"전문, 과학 및 기술 서비스업",시장 조사 및 여론 조사업,CS200017,골프연습장,0.1538,5
N109,"사업시설 관리, 사업 지원 및 임대 서비스업",운송장비 대여업,CS200018,볼링장,0.2222,1
S202,수리 및 개인 서비스업,통신장비 수리업,CS200018,볼링장,0.2222,2
S210,수리 및 개인 서비스업,장례식장 및 관련 서비스업,CS200018,볼링장,0.2222,3
M106,"전문, 과학 및 기술 서비스업",시장 조사 및 여론 조사업,CS200018,볼링장,0.1818,4
N111,"사업시설 관리, 사업 지원 및 임대 서비스업",산업용 기계 및 장비 대여업,CS200018,볼링장,0.1667,5
N102,"사업시설 관리, 사업 지원 및 임대 서비스업",건물ㆍ산업설비 청소 및 방제 서비스업,CS200019,PC방,0.1538,1
G215,소매업,"의약품, 의료용 기구, 화장품 및 방향제 소매업",CS200019,PC방,0.1053,2
G202,소매업,자동차 부품 및 내장품 소매업,CS200019,PC방,0.0,3
G203,소매업,모터사이클 및 부품 소매업,CS200019,PC방,0.0,4
G204,소매업,종합 소매업,CS200019,PC방,0.0,5
M112,"전문, 과학 및 기술 서비스업",전문 디자인업,CS200020,전자게임장,0.4,1
G202,소매업,자동차 부품 및 내장품 소매업,CS200020,전자게임장,0.2667,2
G208,소매업,가전제품 및 정보 통신장비 소매업,CS200020,전자게임장,0.2353,3
G221,소매업,기타 상품 전문 소매업,CS200020,전자게임장,0.1818,4
M115,"전문, 과학 및 기술 서비스업","그 외 기타 전문, 과학 및 기술 서비스업",CS200020,전자게임장,0.1818,5
R104,"예술, 스포츠 및 여가관련 서비스업",유원지 및 기타 오락관련 서비스업,CS200021,기타오락장,0.4,1
G213,소매업,"문화, 오락 및 여가 용품 소매업",CS200021,기타오락장,0.3077,2
N109,"사업시설 관리, 사업 지원 및 임대 서비스업",운송장비 대여업,CS200021,기타오락장,0.2222,3
S202,수리 및 개인 서비스업,통신장비 수리업,CS200021,기타오락장,0.2222,4
S210,수리 및 개인 서비스업,장례식장 및 관련 서비스업,CS200021,기타오락장,0.2222,5
N102,"사업시설 관리, 사업 지원 및 임대 서비스업",건물ㆍ산업설비 청소 및 방제 서비스업,CS200022,복권방,0.1538,1
G209,소매업,"섬유, 의복, 신발 및 가죽제품 소매업",CS200022,복권방,0.1333,2
G215,소매업,"의약품, 의료용 기구, 화장품 및 방향제 소매업",CS200022,복권방,0.1053,3
G202,소매업,자동차 부품 및 내장품 소매업,CS200022,복권방,0.0,4
G203,소매업,모터사이클 및 부품 소매업,CS200022,복권방,0.0,5
S202,수리 및 개인 서비스업,통신장비 수리업,CS200023,통신기기수리,0.6667,1
S201,수리 및 개인 서비스업,컴퓨터 및 주변 기기 수리업,CS200023,통신기기수리,0.5333,2
S205,수리 및 개인 서비스업,가전제품 수리업,CS200023,통신기기수리,0.3333,3
S203,수리 및 개인 서비스업,자동차 수리 및 세차업,CS200023,통신기기수리,0.3077,4
S204,수리 및 개인 서비스업,모터사이클 수리업,CS200023,통신기기수리,0.3077,5
R103,"예술, 스포츠 및 여가관련 서비스업",스포츠 서비스업,CS200024,스포츠클럽,0.9,1
S211,수리 및 개인 서비스업,기타 개인서비스,CS200024,스포츠클럽,0.2,2
S204,수리 및 개인 서비스업,모터사이클 수리업,CS200024,스포츠클럽,0.1667,3
G203,소매업,모터사이클 및 부품 소매업,CS200024,스포츠클럽,0.1429,4
G202,소매업,자동차 부품 및 내장품 소매업,CS200024,스포츠클럽,0.0,5
S203,수리 및 개인 서비스업,자동차 수리 및 세차업,CS200025,자동차수리,0.9833,1
G202,소매업,자동차 부품 및 내장품 소매업,CS200025,자동차수리,0.4,2
S202,수리 및 개인 서비스업,통신장비 수리업,CS200025,자동차수리,0.3636,3
S205,수리 및 개인 서비스업,가전제품 수리업,CS200025,자동차수리,0.3636,4
S204,수리 및 개인 서비스업,모터사이클 수리업,CS200025,자동차수리,0.3333,5
S203,수리 및 개인 서비스업,자동차 수리 및 세차업,CS200026,자동차미용,0.5,1
S207,수리 및 개인 서비스업,이용 및 미용업,CS200026,자동차미용,0.4444,2
G202,소매업,자동차 부품 및 내장품 소매업,CS200026,자동차미용,0.4,3
L102,부동산업,부동산관련 서비스업,CS200026,자동차미용,0.2,4
M112,"전문, 과학 및 기술 서비스업",전문 디자인업,CS200026,자동차미용,0.2,5
S204,수리 및 개인 서비스업,모터사이클 수리업,CS200027,모터사이클수리,1.0,1
G203,소매업,모터사이클 및 부품 소매업,CS200027,모터사이클수리,0.625,2
S201,수리 및 개인 서비스업,컴퓨터 및 주변 기기 수리업,CS200027,모터사이클수리,0.375,3
M113,"전문, 과학 및 기술 서비스업",사진 촬영 및 처리업,CS200027,모터사이클수리,0.3077,4
S202,수리 및 개인 서비스업,통신장비 수리업,CS200027,모터사이클수리,0.3077,5
S207,수리 및 개인 서비스업,이용 및 미용업,CS200028,미용실,0.5714,1
G212,소매업,기타 생활용품 소매업,CS200028,미용실,0.2222,2
N104,"사업시설 관리, 사업 지원 및 임대 서비스업",고용 알선 및 인력 공급업,CS200028,미용실,0.1818,3
N110,"사업시설 관리, 사업 지원 및 임대 서비스업",개인 및 가정용품 대여업,CS200028,미용실,0.1818,4
S206,수리 및 개인 서비스업,기타 개인 및 가정용품 수리업,CS200028,미용실,0.1818,5
I203,음식점업,일식 음식점업,CS200029,네일숍,0.2857,1
P105,교육 서비스업,일반 교육기관,CS200029,네일숍,0.2222,2
I101,숙박업,일반 및 생활 숙박시설 운영업,CS200029,네일숍,0.1818,3
G202,소매업,자동차 부품 및 내장품 소매업,CS200029,네일숍,0.0,4
G203,소매업,모터사이클 및 부품 소매업,CS200029,네일숍,0.0,5
L102,부동산업,부동산관련 서비스업,CS200030,피부관리실,0.4,1
N103,"사업시설 관리, 사업 지원 및 임대 서비스업",조경관리 및 유지 서비스업,CS200030,피부관리실,0.3636,2
N101,"사업시설 관리, 사업 지원 및 임대 서비스업",사업시설 유지ㆍ관리 서비스업,CS200030,피부관리실,0.3077,3
S208,수리 및 개인 서비스업,"욕탕, 마사지 및 기타 신체 관리 서비스업",CS200030,피부관리실,0.2857,4
M103,"전문, 과학 및 기술 서비스업",법무관련 서비스업,CS200030,피부관리실,0.2222,5
S209,수리 및 개인 서비스업,세탁업,CS200031,세탁소,0.95,1
G204,소매업,종합 소매업,CS200031,세탁소,0.2857,2
G206,소매업,음료 소매업,CS200031,세탁소,0.2857,3
G207,소매업,담배 소매업,CS200031,세탁소,0.2857,4
G211,소매업,가구 소매업,CS200031,세탁소,0.2857,5
S205,수리 및 개인 서비스업,가전제품 수리업,CS200032,가전제품수리,1.0,1
S206,수리 및 개인 서비스업,기타 개인 및 가정용품 수리업,CS200032,가전제품수리,0.5714,2
G208,소매업,가전제품 및 정보 통신장비 소매업,CS200032,가전제품수리,0.4444,3
G209,소매업,"섬유, 의복, 신발 및 가죽제품 소매업",CS200032,가전제품수리,0.3333,4
M114,"전문, 과학 및 기술 서비스업",인쇄 및 제품 제작업,CS200032,가전제품수리,0.3333,5
L102,부동산업,부동산관련 서비스업,CS200033,부동산중개업,0.6,1
I202,음식점업,중식 음식점업,CS200033,부동산중개업,0.2222,2
S211,수리 및 개인 서비스업,기타 개인서비스,CS200033,부동산중개업,0.2,3
G222,소매업,중고 상품 소매업,CS200033,부동산중개업,0.1818,4
I205,음식점업,동남아시아 음식점업,CS200033,부동산중개업,0.1667,5
M103,"전문, 과학 및 기술 서비스업",법무관련 서비스업,CS200034,여관,0.3333,1
P106,교육 서비스업,기타 교육기관,CS200034,여관,0.3333,2
L102,부동산업,부동산관련 서비스업,CS200034,여관,0.2857,3
M104,"전문, 과학 및 기술 서비스업",회계 및 세무관련 서비스업,CS200034,여관,0.25,4
N103,"사업시설 관리, 사업 지원 및 임대 서비스업",조경관리 및 유지 서비스업,CS200034,여관,0.25,5
R103,"예술, 스포츠 및 여가관련 서비스업",스포츠 서비스업,CS200035,게스트하우스,0.2222,1
S211,수리 및 개인 서비스업,기타 개인서비스,CS200035,게스트하우스,0.1818,2
G202,소매업,자동차 부품 및 내장품 소매업,CS200035,게스트하우스,0.0,3
G203,소매업,모터사이클 및 부품 소매업,CS200035,게스트하우스,0.0,4
G204,소매업,종합 소매업,CS200035,게스트하우스,0.0,5
M105,"전문, 과학 및 기술 서비스업",광고업,CS200036,고시원,0.4,1
Q101,보건의료업,병원,CS200036,고시원,0.4,2
Q102,보건의료업,의원,CS200036,고시원,0.4,3
N107,"사업시설 관리, 사업 지원 및 임대 서비스업",사무 지원 서비스업,CS200036,고시원,0.2857,4
N108,"사업시설 관리, 사업 지원 및 임대 서비스업",기타 사업 지원 서비스업,CS200036,고시원,0.2857,5
N102,"사업시설 관리, 사업 지원 및 임대 서비스업",건물ㆍ산업설비 청소 및 방제 서비스업,CS200037,노래방,0.1538,1
G215,소매업,"의약품, 의료용 기구, 화장품 및 방향제 소매업",CS200037,노래방,0.1053,2
G202,소매업,자동차 부품 및 내장품 소매업,CS200037,노래방,0.0,3
G203,소매업,모터사이클 및 부품 소매업,CS200037,노래방,0.0,4
G204,소매업,종합 소매업,CS200037,노래방,0.0,5
I204,음식점업,서양식 음식점업,CS200038,독서실,0.25,1
S211,수리 및 개인 서비스업,기타 개인서비스,CS200038,독서실,0.25,2
R102,"예술, 스포츠 및 여가관련 서비스업","도서관, 사적지 및 유사 여가관련 서비스업",CS200038,독서실,0.1333,3
G202,소매업,자동차 부품 및 내장품 소매업,CS200038,독서실,0.0,4
G203,소매업,모터사이클 및 부품 소매업,CS200038,독서실,0.0,5
N102,"사업시설 관리, 사업 지원 및 임대 서비스업",건물ㆍ산업설비 청소 및 방제 서비스업,CS200039,DVD방,0.1429,1
G215,소매업,"의약품, 의료용 기구, 화장품 및 방향제 소매업",CS200039,DVD방,0.1,2
G202,소매업,자동차 부품 및 내장품 소매업,CS200039,DVD방,0.0,3
G203,소매업,모터사이클 및 부품 소매업,CS200039,DVD방,0.0,4
G204,소매업,종합 소매업,CS200039,DVD방,0.0,5
G206,소매업,음료 소매업,CS200040,녹음실,0.2857,1
I201,음식점업,한식 음식점업,CS200040,녹음실,0.2857,2
I202,음식점업,중식 음식점업,CS200040,녹음실,0.2857,3
I203,음식점업,일식 음식점업,CS200040,녹음실,0.2857,4
I210,음식점업,기타 간이 음식점업,CS200040,녹음실,0.2857,5
M113,"전문, 과학 및 기술 서비스업",사진 촬영 및 처리업,CS200041,사진관,0.4444,1
N101,"사업시설 관리, 사업 지원 및 임대 서비스업",사업시설 유지ㆍ관리 서비스업,CS200041,사진관,0.3636,2
S208,수리 및 개인 서비스업,"욕탕, 마사지 및 기타 신체 관리 서비스업",CS200041,사진관,0.3333,3
M103,"전문, 과학 및 기술 서비스업",법무관련 서비스업,CS200041,사진관,0.2857,4
N107,"사업시설 관리, 사업 지원 및 임대 서비스업",사무 지원 서비스업,CS200041,사진관,0.2857,5
S211,수리 및 개인 서비스업,기타 개인서비스,CS200042,통번역서비스,0.5455,1
S202,수리 및 개인 서비스업,통신장비 수리업,CS200042,통번역서비스,0.3333,2
G208,소매업,가전제품 및 정보 통신장비 소매업,CS200042,통번역서비스,0.2222,3
R103,"예술, 스포츠 및 여가관련 서비스업",스포츠 서비스업,CS200042,통번역서비스,0.2222,4
I204,음식점업,서양식 음식점업,CS200042,통번역서비스,0.1818,5
N102,"사업시설 관리, 사업 지원 및 임대 서비스업",건물ㆍ산업설비 청소 및 방제 서비스업,CS200043,건축물청소,0.5333,1
G219,소매업,화초 및 식물 소매업,CS200043,건축물청소,0.3636,2
Q104,보건의료업,기타 보건업,CS200043,건축물청소,0.2857,3
G220,소매업,애완용 동물 및 관련용품 소매업,CS200043,건축물청소,0.25,4
G210,소매업,"철물, 공구, 창호 및 건설자재 소매업",CS200043,건축물청소,0.2353,5
N105,"사업시설 관리, 사업 지원 및 임대 서비스업",여행사 및 기타 여행 보조 서비스업,CS200044,여행사,0.75,1
N107,"사업시설 관리, 사업 지원 및 임대 서비스업",사무 지원 서비스업,CS200044,여행사,0.2857,2
N108,"사업시설 관리, 사업 지원 및 임대 서비스업",기타 사업 지원 서비스업,CS200044,여행사,0.2857,3
M113,"전문, 과학 및 기술 서비스업",사진 촬영 및 처리업,CS200044,여행사,0.2222,4
N109,"사업시설 관리, 사업 지원 및 임대 서비스업",운송장비 대여업,CS200044,여행사,0.2222,5
N109,"사업시설 관리, 사업 지원 및 임대 서비스업",운송장비 대여업,CS200045,비디오/서적임대,0.3077,1
N111,"사업시설 관리, 사업 지원 및 임대 서비스업",산업용 기계 및 장비 대여업,CS200045,비디오/서적임대,0.25,2
R102,"예술, 스포츠 및 여가관련 서비스업","도서관, 사적지 및 유사 여가관련 서비스업",CS200045,비디오/서적임대,0.2105,3
I204,음식점업,서양식 음식점업,CS200045,비디오/서적임대,0.1667,4
M112,"전문, 과학 및 기술 서비스업",전문 디자인업,CS200045,비디오/서적임대,0.1667,5
M111,"전문, 과학 및 기술 서비스업",수의업,CS200046,의류임대,0.3333,1
Q102,보건의료업,의원,CS200046,의류임대,0.3333,2
N109,"사업시설 관리, 사업 지원 및 임대 서비스업",운송장비 대여업,CS200046,의류임대,0.2,3
N110,"사업시설 관리, 사업 지원 및 임대 서비스업",개인 및 가정용품 대여업,CS200046,의류임대,0.1667,4
N111,"사업시설 관리, 사업 지원 및 임대 서비스업",산업용 기계 및 장비 대여업,CS200046,의류임대,0.1538,5
N110,"사업시설 관리, 사업 지원 및 임대 서비스업",개인 및 가정용품 대여업,CS200047,가정용품임대,0.7143,1
S206,수리 및 개인 서비스업,기타 개인 및 가정용품 수리업,CS200047,가정용품임대,0.5714,2
G213,소매업,"문화, 오락 및 여가 용품 소매업",CS200047,가정용품임대,0.375,3
G212,소매업,기타 생활용품 소매업,CS200047,가정용품임대,0.3333,4
S205,수리 및 개인 서비스업,가전제품 수리업,CS200047,가정용품임대,0.3333,5
S208,수리 및 개인 서비스업,"욕탕, 마사지 및 기타 신체 관리 서비스업",CS300001,슈퍼마켓,0.1538,1
G202,소매업,자동차 부품 및 내장품 소매업,CS300001,슈퍼마켓,0.0,2
G203,소매업,모터사이클 및 부품 소매업,CS300001,슈퍼마켓,0.0,3
G204,소매업,종합 소매업,CS300001,슈퍼마켓,0.0,4
G205,소매업,식료품 소매업,CS300001,슈퍼마켓,0.0,5
M111,"전문, 과학 및 기술 서비스업",수의업,CS300002,편의점,0.4,1
Q102,보건의료업,의원,CS300002,편의점,0.4,2
G209,소매업,"섬유, 의복, 신발 및 가죽제품 소매업",CS300002,편의점,0.1333,3
G215,소매업,"의약품, 의료용 기구, 화장품 및 방향제 소매업",CS300002,편의점,0.1053,4
G202,소매업,자동차 부품 및 내장품 소매업,CS300002,편의점,0.0,5
S201,수리 및 개인 서비스업,컴퓨터 및 주변 기기 수리업,CS300003,컴퓨터및주변장치판매,0.5556,1
I211,음식점업,주점업,CS300003,컴퓨터및주변장치판매,0.35,2
G203,소매업,모터사이클 및 부품 소매업,CS300003,컴퓨터및주변장치판매,0.2222,3
G202,소매업,자동차 부품 및 내장품 소매업,CS300003,컴퓨터및주변장치판매,0.2105,4
G208,소매업,가전제품 및 정보 통신장비 소매업,CS300003,컴퓨터및주변장치판매,0.1905,5
G202,소매업,자동차 부품 및 내장품 소매업,CS300004,핸드폰,0.0,1
G203,소매업,모터사이클 및 부품 소매업,CS300004,핸드폰,0.0,2
G204,소매업,종합 소매업,CS300004,핸드폰,0.0,3
G205,소매업,식료품 소매업,CS300004,핸드폰,0.0,4
G206,소매업,음료 소매업,CS300004,핸드폰,0.0,5
I211,음식점업,주점업,CS300005,주류도매,0.55,1
G204,소매업,종합 소매업,CS300005,주류도매,0.25,2
G206,소매업,음료 소매업,CS300005,주류도매,0.25,3
G207,소매업,담배 소매업,CS300005,주류도매,0.25,4
G211,소매업,가구 소매업,CS300005,주류도매,0.25,5
G204,소매업,종합 소매업,CS300006,미곡판매,0.25,1
G206,소매업,음료 소매업,CS300006,미곡판매,0.25,2
G207,소매업,담배 소매업,CS300006,미곡판매,0.25,3
G211,소매업,가구 소매업,CS300006,미곡판매,0.25,4
G214,소매업,연료소매업,CS300006,미곡판매,0.25,5
G204,소매업,종합 소매업,CS300007,육류판매,0.25,1
G206,소매업,음료 소매업,CS300007,육류판매,0.25,2
G207,소매업,담배 소매업,CS300007,육류판매,0.25,3
G211,소매업,가구 소매업,CS300007,육류판매,0.25,4
G214,소매업,연료소매업,CS300007,육류판매,0.25,5
G219,소매업,화초 및 식물 소매업,CS300008,수산물판매,0.3636,1
M111,"전문, 과학 및 기술 서비스업",수의업,CS300008,수산물판매,0.2857,2
G220,소매업,애완용 동물 및 관련용품 소매업,CS300008,수산물판매,0.25,3
G210,소매업,"철물, 공구, 창호 및 건설자재 소매업",CS300008,수산물판매,0.2353,4
G204,소매업,종합 소매업,CS300008,수산물판매,0.2222,5
G221,소매업,기타 상품 전문 소매업,CS300009,청과상,0.2222,1
G222,소매업,중고 상품 소매업,CS300009,청과상,0.2222,2
M115,"전문, 과학 및 기술 서비스업","그 외 기타 전문, 과학 및 기술 서비스업",CS300009,청과상,0.2222,3
N102,"사업시설 관리, 사업 지원 및 임대 서비스업",건물ㆍ산업설비 청소 및 방제 서비스업,CS300009,청과상,0.1538,4
G202,소매업,자동차 부품 및 내장품 소매업,CS300009,청과상,0.0,5
G211,소매업,가구 소매업,CS300010,반찬가게,0.25,1
P105,교육 서비스업,일반 교육기관,CS300010,반찬가게,0.2,2
S205,수리 및 개인 서비스업,가전제품 수리업,CS300010,반찬가게,0.2,3
I101,숙박업,일반 및 생활 숙박시설 운영업,CS300010,반찬가게,0.1667,4
N110,"사업시설 관리, 사업 지원 및 임대 서비스업",개인 및 가정용품 대여업,CS300010,반찬가게,0.1667,5
P105,교육 서비스업,일반 교육기관,CS300011,일반의류,0.4,1
I101,숙박업,일반 및 생활 숙박시설 운영업,CS300011,일반의류,0.3333,2
M111,"전문, 과학 및 기술 서비스업",수의업,CS300011,일반의류,0.3333,3
Q102,보건의료업,의원,CS300011,일반의류,0.3333,4
I203,음식점업,일식 음식점업,CS300011,일반의류,0.25,5
I201,음식점업,한식 음식점업,CS300012,한복점,0.2857,1
G209,소매업,"섬유, 의복, 신발 및 가죽제품 소매업",CS300012,한복점,0.1333,2
G202,소매업,자동차 부품 및 내장품 소매업,CS300012,한복점,0.0,3
G203,소매업,모터사이클 및 부품 소매업,CS300012,한복점,0.0,4
G204,소매업,종합 소매업,CS300012,한복점,0.0,5
M111,"전문, 과학 및 기술 서비스업",수의업,CS300013,유아의류,0.3333,1
Q102,보건의료업,의원,CS300013,유아의류,0.3333,2
G209,소매업,"섬유, 의복, 신발 및 가죽제품 소매업",CS300013,유아의류,0.25,3
N103,"사업시설 관리, 사업 지원 및 임대 서비스업",조경관리 및 유지 서비스업,CS300013,유아의류,0.2,4
I205,음식점업,동남아시아 음식점업,CS300013,유아의류,0.1818,5
G209,소매업,"섬유, 의복, 신발 및 가죽제품 소매업",CS300014,신발,0.4357,1
S202,수리 및 개인 서비스업,통신장비 수리업,CS300014,신발,0.25,2
S208,수리 및 개인 서비스업,"욕탕, 마사지 및 기타 신체 관리 서비스업",CS300014,신발,0.1818,3
G208,소매업,가전제품 및 정보 통신장비 소매업,CS300014,신발,0.1429,4
G202,소매업,자동차 부품 및 내장품 소매업,CS300014,신발,0.0,5
G211,소매업,가구 소매업,CS300015,가방,0.3333,1
S205,수리 및 개인 서비스업,가전제품 수리업,CS300015,가방,0.25,2
N110,"사업시설 관리, 사업 지원 및 임대 서비스업",개인 및 가정용품 대여업,CS300015,가방,0.2,3
S206,수리 및 개인 서비스업,기타 개인 및 가정용품 수리업,CS300015,가방,0.2,4
G213,소매업,"문화, 오락 및 여가 용품 소매업",CS300015,가방,0.1667,5
G216,소매업,"사무용 기기, 안경, 사진장비 및 정밀기기 소매업",CS300016,안경,0.3605,1
N103,"사업시설 관리, 사업 지원 및 임대 서비스업",조경관리 및 유지 서비스업,CS300016,안경,0.25,2
M107,"전문, 과학 및 기술 서비스업",회사 본부 및 경영 컨설팅 서비스업,CS300016,안경,0.1818,3
G202,소매업,자동차 부품 및 내장품 소매업,CS300016,안경,0.0,4
G203,소매업,모터사이클 및 부품 소매업,CS300016,안경,0.0,5
G217,소매업,시계 및 귀금속 소매업,CS300017,시계및귀금속,0.9833,1
M104,"전문, 과학 및 기술 서비스업",회계 및 세무관련 서비스업,CS300017,시계및귀금속,0.1818,2
I205,음식점업,동남아시아 음식점업,CS300017,시계및귀금속,0.1667,3
I101,숙박업,일반 및 생활 숙박시설 운영업,CS300017,시계및귀금속,0.1538,4
M106,"전문, 과학 및 기술 서비스업",시장 조사 및 여론 조사업,CS300017,시계및귀금속,0.1538,5
G215,소매업,"의약품, 의료용 기구, 화장품 및 방향제 소매업",CS300018,의약품,0.4658,1
M111,"전문, 과학 및 기술 서비스업",수의업,CS300018,의약품,0.4,2
Q102,보건의료업,의원,CS300018,의약품,0.4,3
G209,소매업,"섬유, 의복, 신발 및 가죽제품 소매업",CS300018,의약품,0.2667,4
G205,소매업,식료품 소매업,CS300018,의약품,0.25,5
M111,"전문, 과학 및 기술 서비스업",수의업,CS300019,의료기기,0.3333,1
Q102,보건의료업,의원,CS300019,의료기기,0.3333,2
S201,수리 및 개인 서비스업,컴퓨터 및 주변 기기 수리업,CS300019,의료기기,0.3077,3
G215,소매업,"의약품, 의료용 기구, 화장품 및 방향제 소매업",CS300019,의료기기,0.3,4
G206,소매업,음료 소매업,CS300019,의료기기,0.25,5
I204,음식점업,서양식 음식점업,CS300020,서적,0.2857,1
R102,"예술, 스포츠 및 여가관련 서비스업","도서관, 사적지 및 유사 여가관련 서비스업",CS300020,서적,0.2857,2
S211,수리 및 개인 서비스업,기타 개인서비스,CS300020,서적,0.2857,3
G202,소매업,자동차 부품 및 내장품 소매업,CS300020,서적,0.0,4
G203,소매업,모터사이클 및 부품 소매업,CS300020,서적,0.0,5
G211,소매업,가구 소매업,CS300021,문구,0.3333,1
M112,"전문, 과학 및 기술 서비스업",전문 디자인업,CS300021,문구,0.2857,2
G221,소매업,기타 상품 전문 소매업,CS300021,문구,0.25,3
I207,음식점업,구내식당 및 뷔페,CS300021,문구,0.25,4
M115,"전문, 과학 및 기술 서비스업","그 외 기타 전문, 과학 및 기술 서비스업",CS300021,문구,0.25,5
G215,소매업,"의약품, 의료용 기구, 화장품 및 방향제 소매업",CS300022,화장품,0.4658,1
G202,소매업,자동차 부품 및 내장품 소매업,CS300022,화장품,0.3077,2
G213,소매업,"문화, 오락 및 여가 용품 소매업",CS300022,화장품,0.3077,3
G205,소매업,식료품 소매업,CS300022,화장품,0.25,4
G212,소매업,기타 생활용품 소매업,CS300022,화장품,0.2222,5
S207,수리 및 개인 서비스업,이용 및 미용업,CS300023,미용재료,0.5,1
G206,소매업,음료 소매업,CS300023,미용재료,0.25,2
G214,소매업,연료소매업,CS300023,미용재료,0.25,3
G205,소매업,식료품 소매업,CS300023,미용재료,0.2222,4
G212,소매업,기타 생활용품 소매업,CS300023,미용재료,0.2,5
G220,소매업,애완용 동물 및 관련용품 소매업,CS300024,운동/경기용품,0.3529,1
G212,소매업,기타 생활용품 소매업,CS300024,운동/경기용품,0.3333,2
G218,소매업,"예술품, 기념품 및 장식용품 소매업",CS300024,운동/경기용품,0.3333,3
N110,"사업시설 관리, 사업 지원 및 임대 서비스업",개인 및 가정용품 대여업,CS300024,운동/경기용품,0.2857,4
S206,수리 및 개인 서비스업,기타 개인 및 가정용품 수리업,CS300024,운동/경기용품,0.2857,5
N109,"사업시설 관리, 사업 지원 및 임대 서비스업",운송장비 대여업,CS300025,자전거 및 기타운송장비,0.6154,1
G208,소매업,가전제품 및 정보 통신장비 소매업,CS300025,자전거 및 기타운송장비,0.3158,2
S202,수리 및 개인 서비스업,통신장비 수리업,CS300025,자전거 및 기타운송장비,0.3077,3
N111,"사업시설 관리, 사업 지원 및 임대 서비스업",산업용 기계 및 장비 대여업,CS300025,자전거 및 기타운송장비,0.25,4
G202,소매업,자동차 부품 및 내장품 소매업,CS300025,자전거 및 기타운송장비,0.2353,5
G211,소매업,가구 소매업,CS300026,완구,0.3333,1
I207,음식점업,구내식당 및 뷔페,CS300026,완구,0.25,2
G220,소매업,애완용 동물 및 관련용품 소매업,CS300026,완구,0.1538,3
G210,소매업,"철물, 공구, 창호 및 건설자재 소매업",CS300026,완구,0.1429,4
G215,소매업,"의약품, 의료용 기구, 화장품 및 방향제 소매업",CS300026,완구,0.1111,5
G209,소매업,"섬유, 의복, 신발 및 가죽제품 소매업",CS300027,섬유제품,0.5,1
M114,"전문, 과학 및 기술 서비스업",인쇄 및 제품 제작업,CS300027,섬유제품,0.4,2
S205,수리 및 개인 서비스업,가전제품 수리업,CS300027,섬유제품,0.4,3
G208,소매업,가전제품 및 정보 통신장비 소매업,CS300027,섬유제품,0.25,4
G205,소매업,식료품 소매업,CS300027,섬유제품,0.2222,5
G219,소매업,화초 및 식물 소매업,CS300028,화초,0.65,1
G213,소매업,"문화, 오락 및 여가 용품 소매업",CS300028,화초,0.1667,2
G215,소매업,"의약품, 의료용 기구, 화장품 및 방향제 소매업",CS300028,화초,0.1111,3
G202,소매업,자동차 부품 및 내장품 소매업,CS300028,화초,0.0,4
G203,소매업,모터사이클 및 부품 소매업,CS300028,화초,0.0,5
G220,소매업,애완용 동물 및 관련용품 소매업,CS300029,애완동물,0.5333,1
L102,부동산업,부동산관련 서비스업,CS300029,애완동물,0.2222,2
G219,소매업,화초 및 식물 소매업,CS300029,애완동물,0.2,3
I205,음식점업,동남아시아 음식점업,CS300029,애완동물,0.1818,4
S203,수리 및 개인 서비스업,자동차 수리 및 세차업,CS300029,애완동물,0.1818,5
G211,소매업,가구 소매업,CS300030,중고가구,0.5,1
G222,소매업,중고 상품 소매업,CS300030,중고가구,0.4,2
M105,"전문, 과학 및 기술 서비스업",광고업,CS300030,중고가구,0.3333,3
I202,음식점업,중식 음식점업,CS300030,중고가구,0.25,4
I207,음식점업,구내식당 및 뷔페,CS300030,중고가구,0.2,5
G211,소매업,가구 소매업,CS300031,가구,0.8167,1
I207,음식점업,구내식당 및 뷔페,CS300031,가구,0.25,2
S205,수리 및 개인 서비스업,가전제품 수리업,CS300031,가구,0.25,3
N110,"사업시설 관리, 사업 지원 및 임대 서비스업",개인 및 가정용품 대여업,CS300031,가구,0.2,4
S206,수리 및 개인 서비스업,기타 개인 및 가정용품 수리업,CS300031,가구,0.2,5
S205,수리 및 개인 서비스업,가전제품 수리업,CS300032,가전제품,0.95,1
G208,소매업,가전제품 및 정보 통신장비 소매업,CS300032,가전제품,0.65,2
M114,"전문, 과학 및 기술 서비스업",인쇄 및 제품 제작업,CS300032,가전제품,0.4,3
G209,소매업,"섬유, 의복, 신발 및 가죽제품 소매업",CS300032,가전제품,0.375,4
N110,"사업시설 관리, 사업 지원 및 임대 서비스업",개인 및 가정용품 대여업,CS300032,가전제품,0.3333,5
G210,소매업,"철물, 공구, 창호 및 건설자재 소매업",CS300033,철물점,0.2667,1
G219,소매업,화초 및 식물 소매업,CS300033,철물점,0.2222,2
N102,"사업시설 관리, 사업 지원 및 임대 서비스업",건물ㆍ산업설비 청소 및 방제 서비스업,CS300033,철물점,0.1538,3
G220,소매업,애완용 동물 및 관련용품 소매업,CS300033,철물점,0.1429,4
G202,소매업,자동차 부품 및 내장품 소매업,CS300033,철물점,0.0,5
P106,교육 서비스업,기타 교육기관,CS300034,악기,0.3333,1
M115,"전문, 과학 및 기술 서비스업","그 외 기타 전문, 과학 및 기술 서비스업",CS300034,악기,0.25,2
P105,교육 서비스업,일반 교육기관,CS300034,악기,0.25,3
N111,"사업시설 관리, 사업 지원 및 임대 서비스업",산업용 기계 및 장비 대여업,CS300034,악기,0.1818,4
S201,수리 및 개인 서비스업,컴퓨터 및 주변 기기 수리업,CS300034,악기,0.1818,5
S206,수리 및 개인 서비스업,기타 개인 및 가정용품 수리업,CS300035,인테리어,0.3333,1
M112,"전문, 과학 및 기술 서비스업",전문 디자인업,CS300035,인테리어,0.2222,2
S211,수리 및 개인 서비스업,기타 개인서비스,CS300035,인테리어,0.2222,3
M113,"전문, 과학 및 기술 서비스업",사진 촬영 및 처리업,CS300035,인테리어,0.2,4
M114,"전문, 과학 및 기술 서비스업",인쇄 및 제품 제작업,CS300035,인테리어,0.2,5
G212,소매업,기타 생활용품 소매업,CS300036,조명용품,0.4,1
N110,"사업시설 관리, 사업 지원 및 임대 서비스업",개인 및 가정용품 대여업,CS300036,조명용품,0.3333,2
S206,수리 및 개인 서비스업,기타 개인 및 가정용품 수리업,CS300036,조명용품,0.3333,3
G213,소매업,"문화, 오락 및 여가 용품 소매업",CS300036,조명용품,0.2857,4
G220,소매업,애완용 동물 및 관련용품 소매업,CS300036,조명용품,0.2667,5
G222,소매업,중고 상품 소매업,CS300037,중고차판매,0.5455,1
M105,"전문, 과학 및 기술 서비스업",광고업,CS300037,중고차판매,0.2857,2
G202,소매업,자동차 부품 및 내장품 소매업,CS300037,중고차판매,0.2667,3
G204,소매업,종합 소매업,CS300037,중고차판매,0.2222,4
G206,소매업,음료 소매업,CS300037,중고차판매,0.2222,5
G202,소매업,자동차 부품 및 내장품 소매업,CS300038,자동차부품,0.8167,1
S203,수리 및 개인 서비스업,자동차 수리 및 세차업,CS300038,자동차부품,0.5,2
G203,소매업,모터사이클 및 부품 소매업,CS300038,자동차부품,0.2857,3
G220,소매업,애완용 동물 및 관련용품 소매업,CS300038,자동차부품,0.25,4
G205,소매업,식료품 소매업,CS300038,자동차부품,0.2,5
G203,소매업,모터사이클 및 부품 소매업,CS300039,모터사이클및부품,1.0,1
S204,수리 및 개인 서비스업,모터사이클 수리업,CS300039,모터사이클및부품,0.7143,2
M107,"전문, 과학 및 기술 서비스업",회사 본부 및 경영 컨설팅 서비스업,CS300039,모터사이클및부품,0.25,3
G202,소매업,자동차 부품 및 내장품 소매업,CS300039,모터사이클및부품,0.2353,4
I210,음식점업,기타 간이 음식점업,CS300039,모터사이클및부품,0.1818,5
G212,소매업,기타 생활용품 소매업,CS300040,재생용품 판매점,0.6154,1
G213,소매업,"문화, 오락 및 여가 용품 소매업",CS300040,재생용품 판매점,0.3529,2
G205,소매업,식료품 소매업,CS300040,재생용품 판매점,0.3333,3
G220,소매업,애완용 동물 및 관련용품 소매업,CS300040,재생용품 판매점,0.3333,4
G218,소매업,"예술품, 기념품 및 장식용품 소매업",CS300040,재생용품 판매점,0.3158,5
G218,소매업,"예술품, 기념품 및 장식용품 소매업",CS300041,예술품,0.55,1
G205,소매업,식료품 소매업,CS300041,예술품,0.25,2
G212,소매업,기타 생활용품 소매업,CS300041,예술품,0.2222,3
G221,소매업,기타 상품 전문 소매업,CS300041,예술품,0.2222,4
G222,소매업,중고 상품 소매업,CS300041,예술품,0.2222,5
I211,음식점업,주점업,CS300042,주유소,0.65,1
G204,소매업,종합 소매업,CS300042,주유소,0.2857,2
G206,소매업,음료 소매업,CS300042,주유소,0.2857,3
G207,소매업,담배 소매업,CS300042,주유소,0.2857,4
G211,소매업,가구 소매업,CS300042,주유소,0.2857,5
M112,"전문, 과학 및 기술 서비스업",전문 디자인업,CS300043,전자상거래업,0.4,1
G221,소매업,기타 상품 전문 소매업,CS300043,전자상거래업,0.1818,2
G222,소매업,중고 상품 소매업,CS300043,전자상거래업,0.1818,3
M115,"전문, 과학 및 기술 서비스업","그 외 기타 전문, 과학 및 기술 서비스업",CS300043,전자상거래업,0.1818,4
S205,수리 및 개인 서비스업,가전제품 수리업,CS300043,전자상거래업,0.1818,5
